scientificName,family,decimalLatitude,decimalLongitude,coordinateUncertaintyInMeters,eventDate
Taxidea taxus,Mustelidae,38.626,-99.3189,,1997-09-21
Taxidea taxus,Mustelidae,43.596,-84.9093,,1954-09-25
Taxidea taxus,Mustelidae,32.8,-116.9667,,1918-07-24
Taxidea taxus,Mustelidae,31.8628,-110.8841,,1974-06-17
Taxidea taxus,Mustelidae,42.7532,-84.6479,8721.0,1974-01-01
Taxidea taxus,Mustelidae,46.2675,-86.8956,187.0,1962-06-04
Taxidea taxus,Mustelidae,41.3114,-105.5906,25595.0,1974-01-07
Taxidea taxus,Mustelidae,19.3083,-99.225,,1985-12-05
Taxidea taxus,Mustelidae,34.2448,-112.7457,7476.0,1937-06-10
Taxidea taxus,Mustelidae,42.4632,-98.7623,,2010-11-14
Taxidea taxus,Mustelidae,38.7047,-99.5502,,1960-11-03
Taxidea taxus,Mustelidae,24.1375,-110.4672,,2000-04-10
Taxidea taxus,Mustelidae,43.344,-83.3325,1164.0,1990-12-14
Taxidea taxus,Mustelidae,23.8657,-110.2214,,2011-08-02
Taxidea taxus,Mustelidae,40.0758,-106.5603,1000.0,1971-11-08
Taxidea taxus,Mustelidae,41.7817,-99.1328,1480.0,1961-07-18
Taxidea taxus,Mustelidae,38.1055,-98.6044,,1975-10-25
Taxidea taxus,Mustelidae,32.0836,-114.2011,,1989-02-18
Taxidea taxus,Mustelidae,34.1219,-118.4472,,1957-06-24
Taxidea taxus,Mustelidae,24.7719,-112.0611,,2002-11-20
Taxidea taxus,Mustelidae,32.3071,-100.9198,,1969-01-01
Taxidea taxus,Mustelidae,30.8367,-108.51,,1994-10-12
Taxidea taxus,Mustelidae,31.4886,-111.5073,,1958-02-23
Taxidea taxus,Mustelidae,46.1784,-117.5433,2910.0,1953-08-01
Taxidea taxus,Mustelidae,31.7902,-100.8003,,1999-04-26
Taxidea taxus,Mustelidae,42.8923,-86.0099,1164.0,1989-12-04
Taxidea taxus,Mustelidae,31.5624,-98.9282,,2003-03-01
Taxidea taxus,Mustelidae,25.211,-112.1363,,1975-01-26
Taxidea taxus,Mustelidae,41.59,-83.06,,1971-10-20
Taxidea taxus,Mustelidae,42.4632,-98.7623,,2010-11-06
Taxidea taxus,Mustelidae,49.4988,-119.5938,,1952-01-01
Taxidea taxus,Mustelidae,30.9067,-108.4217,,1994-09-29
Taxidea taxus,Mustelidae,30.8667,-108.5933,,1994-12-28
Taxidea taxus,Mustelidae,37.0487,-106.8231,5000.0,1913-07-19
Taxidea taxus,Mustelidae,38.6838,-99.7458,,1989-11-12
Taxidea taxus,Mustelidae,35.4001,-119.4665,1609.0,1910-05-12
Taxidea taxus,Mustelidae,24.836,-100.6824,,2009-01-28
Taxidea taxus,Mustelidae,34.4211,-119.8425,,1929-10-21
Taxidea taxus,Mustelidae,31.6324,-100.0458,,1994-08-16
Taxidea taxus,Mustelidae,42.0345,-86.1555,1165.0,1989-11-08
Taxidea taxus,Mustelidae,30.4658,-115.9887,,1999-11-17
Taxidea taxus,Mustelidae,41.3114,-105.5906,25595.0,1974-01-07
Taxidea taxus,Mustelidae,42.4632,-98.7623,,2010-11-11
Taxidea taxus,Mustelidae,33.1869,-111.319,,1967-06-22
Taxidea taxus,Mustelidae,31.296,-100.4538,,1991-10-08
Taxidea taxus,Mustelidae,50.6281,-119.1235,,1947-08-24
Taxidea taxus,Mustelidae,34.9592,-120.53,,1972-05-31
Taxidea taxus,Mustelidae,41.3114,-105.5906,25595.0,1974-01-07
Taxidea taxus,Mustelidae,48.2453,-114.2958,,2000-09-03
Taxidea taxus,Mustelidae,28.045,-113.9811,,1998-06-21
Taxidea taxus,Mustelidae,44.3032,-84.3712,386.0,1982-07-29
Taxidea taxus,Mustelidae,30.735,-108.38,,1994-09-24
Taxidea taxus,Mustelidae,43.5867,-84.7792,,1997-09-11
Taxidea taxus,Mustelidae,42.6312,-85.7694,1164.0,1989-11-04
Taxidea taxus,Mustelidae,38.8667,-102.0011,,1977-12-30
Taxidea taxus,Mustelidae,27.241,-98.774,,1968-08-18
Taxidea taxus,Mustelidae,35.0166,-98.6037,1500.0,2007-09-15
Taxidea taxus,Mustelidae,41.3114,-105.5906,25595.0,1973-12-04
Taxidea taxus,Mustelidae,36.4167,-115.8,,1928-07-29
Taxidea taxus,Mustelidae,40.2525,-108.6777,2500.0,1993-05-12
Taxidea taxus,Mustelidae,24.6825,-100.2403,,1979-11-17
Taxidea taxus,Mustelidae,24.8343,-100.6691,,2009-08-25
Taxidea taxus,Mustelidae,43.5261,-117.7417,1152.0,1975-08-21
Taxidea taxus,Mustelidae,39.673,-99.1973,,1975-10-26
Taxidea taxus,Mustelidae,37.6598,-102.5421,1000.0,1965-11-24
Taxidea taxus,Mustelidae,41.3114,-105.5906,25595.0,1974-01-11
Taxidea taxus,Mustelidae,44.0097,-85.8325,1164.0,1966-08-15
Taxidea taxus,Mustelidae,31.285,-113.452,,1980-06-10
Taxidea taxus,Mustelidae,34.7692,-120.3553,,1990-01-19
Taxidea taxus,Mustelidae,24.8931,-103.6933,,1974-07-04
Taxidea taxus,Mustelidae,42.9904,-107.5697,355468.0,1974-01-04
Taxidea taxus,Mustelidae,32.0135,-111.6412,,1953-11-26
Taxidea taxus,Mustelidae,41.3114,-105.5906,25595.0,1974-01-11
Taxidea taxus,Mustelidae,31.972,-114.69,,1999-01-01
Taxidea taxus,Mustelidae,31.4886,-111.5073,,1958-02-23
Taxidea taxus,Mustelidae,24.6825,-100.2403,,1979-11-17
Taxidea taxus,Mustelidae,38.8893,-85.8258,,1973-08-12
Taxidea taxus,Mustelidae,50.6745,-120.3273,,1928-05-22
Taxidea taxus,Mustelidae,19.1371,-99.1521,,1992-03-25
Taxidea taxus,Mustelidae,24.3083,-110.2958,,2000-04-10
Taxidea taxus,Mustelidae,48.2453,-114.2958,,2000-09-03
Taxidea taxus,Mustelidae,33.7854,-116.9585,3553.0,1893-05-15
Taxidea taxus,Mustelidae,46.5136,-121.2092,3714.0,1948-08-11
Taxidea taxus,Mustelidae,43.9443,-84.4256,6854.0,1990-11-13
Taxidea taxus,Mustelidae,37.0172,-98.594,,1963-02-01
Taxidea taxus,Mustelidae,42.4632,-98.7623,,2010-11-15
Taxidea taxus,Mustelidae,36.4167,-115.3833,,1929-07-14
Taxidea taxus,Mustelidae,38.2553,-122.6978,,2007-08-29
Taxidea taxus,Mustelidae,31.164,-101.3371,,2007-04-25
Taxidea taxus,Mustelidae,42.9904,-107.5697,355468.0,1974-02-05
Taxidea taxus,Mustelidae,37.0364,-106.8428,3036.0,1913-07-06
Taxidea taxus,Mustelidae,36.9038,-116.829,830.42,1916-12-15
Taxidea taxus,Mustelidae,39.4402,-118.8808,24425.01,1941-01-25
Taxidea taxus,Mustelidae,37.8754,-119.3555,30.0,1915-07-07
Taxidea taxus,Mustelidae,41.8508,-120.0275,10132.43,1916-04-02
Taxidea taxus,Mustelidae,36.585,-121.7958,321.87,1970-03-27
Taxidea taxus,Mustelidae,32.1518,-109.4815,899.62,1921-03-18
Taxidea taxus,Mustelidae,39.0171,-114.1078,17728.53,1929-05-26
Taxidea taxus,Mustelidae,37.9211,-122.7036,3188.11,1930-11-20
Taxidea taxus,Mustelidae,41.8998,-114.5006,428.09,1935-07-15
Taxidea taxus,Mustelidae,42.8712,-112.4453,8383.07,1931-01-15
Taxidea taxus,Mustelidae,37.4066,-118.224,1000.0,1917-07-21
Taxidea taxus,Mustelidae,39.4248,-117.2268,428.09,1926-12-06
Taxidea taxus,Mustelidae,37.8754,-119.3555,30.0,1915-07-10
Taxidea taxus,Mustelidae,41.6417,-118.6959,2428.0,1909-08-06
Taxidea taxus,Mustelidae,39.0151,-117.1807,428.09,1927-01-12
Taxidea taxus,Mustelidae,34.0093,-117.2597,4313.04,1908-07-26
Taxidea taxus,Mustelidae,37.8793,-119.3957,645.35,1915-07-30
Taxidea taxus,Mustelidae,35.5674,-120.2846,3218.69,1947-01-25
Taxidea taxus,Mustelidae,37.5575,-122.4219,8046.72,1933-09-30
Taxidea taxus,Mustelidae,40.0364,-107.9538,5000.0,1938-02-15
Taxidea taxus,Mustelidae,38.0442,-122.7982,177.03,1951-06-07
Taxidea taxus,Mustelidae,42.1887,-120.3455,1462.89,1929-12-02
Taxidea taxus,Mustelidae,37.4061,-118.2352,645.35,1917-07-21
Taxidea taxus,Mustelidae,37.7999,-117.8423,428.09,1928-06-24
Taxidea taxus,Mustelidae,37.7379,-118.0543,186.68,1928-06-02
Taxidea taxus,Mustelidae,38.1925,-122.6001,6793.04,1949-07-20
Taxidea taxus,Mustelidae,37.7999,-117.8423,428.09,1928-06-20
Taxidea taxus,Mustelidae,42.8712,-112.4453,8383.07,1931-01-15
Taxidea taxus,Mustelidae,34.1086,-116.159,3271.8,1951-04-08
Taxidea taxus,Mustelidae,35.3639,-120.5542,8.6,1996-04-09
Taxidea taxus,Mustelidae,24.0612,-110.3923,,1929-03-12
Taxidea taxus,Mustelidae,35.1525,-115.3314,1000.0,1938-06-05
Taxidea taxus,Mustelidae,33.4463,-114.7313,289.68,1914-12-16
Taxidea taxus,Mustelidae,37.1227,-120.7987,804.67,1930-07-31
Taxidea taxus,Mustelidae,42.717,-112.3764,3233.17,1930-05-26
Taxidea taxus,Mustelidae,44.6634,-120.9519,13450.9,1929-11-07
Taxidea taxus,Mustelidae,38.9324,-115.7142,4853.78,1916-10-07
Taxidea taxus,Mustelidae,38.3435,-114.8537,16119.19,1930-08-13
Taxidea taxus,Mustelidae,38.1009,-122.9119,5283.48,1913-06-02
Taxidea taxus,Mustelidae,41.8888,-120.0968,2962.8,1916-04-16
Taxidea taxus,Mustelidae,42.8712,-112.4453,8383.07,1931-01-15
Taxidea taxus,Mustelidae,37.7965,-122.1722,2922.57,1930-03-23
Taxidea taxus,Mustelidae,33.9294,-116.882,1609.34,1908-06-14
Taxidea taxus,Mustelidae,39.4589,-118.908,34171.2,1940-12-02
Taxidea taxus,Mustelidae,40.5721,-115.5431,12900.5,1929-03-18
Taxidea taxus,Mustelidae,24.0612,-110.3923,,1929-03-23
Taxidea taxus,Mustelidae,41.4823,-115.8165,428.09,1916-08-21
Taxidea taxus,Mustelidae,39.3634,-101.3769,,1931-12-31
Taxidea taxus,Mustelidae,39.0285,-95.1701,,1958-12-15
Taxidea taxus,Mustelidae,37.1533,-98.031,,1959-12-29
Taxidea taxus,Mustelidae,39.0633,-101.2442,,1894-02-22
Taxidea taxus,Mustelidae,39.3914,-118.8829,,1942-09-28
Taxidea taxus,Mustelidae,43.9021,-100.712,,1966-06-17
Taxidea taxus,Mustelidae,39.3634,-101.3769,,1931-12-24
Taxidea taxus,Mustelidae,44.4828,-109.3398,,1950-02-04
Taxidea taxus,Mustelidae,27.0016,-108.8081,,1959-01-22
Taxidea taxus,Mustelidae,32.3088,-110.9263,,1950-07-16
Taxidea taxus,Mustelidae,35.8589,-108.7614,,1929-12-15
Taxidea taxus,Mustelidae,38.9572,-95.4765,,1946-01-25
Taxidea taxus,Mustelidae,39.4879,-118.9829,,1940-11-07
Taxidea taxus,Mustelidae,32.1754,-109.5791,,1950-07-05
Taxidea taxus,Mustelidae,41.7948,-115.4884,,1929-07-25
Taxidea taxus,Mustelidae,42.5843,-108.8579,,1948-02-04
Taxidea taxus,Mustelidae,44.3223,-97.7905,,1961-01-15
Taxidea taxus,Mustelidae,42.4791,-100.541,,1956-02-04
Taxidea taxus,Mustelidae,39.2792,-118.2884,,1947-02-15
Taxidea taxus,Mustelidae,42.8987,-110.971,,1950-07-16
Taxidea taxus,Mustelidae,39.5541,-118.8763,,1941-01-09
Taxidea taxus,Mustelidae,37.106,-101.9008,,1951-10-29
Taxidea taxus,Mustelidae,38.4803,-101.8089,,1929-10-15
Taxidea taxus,Mustelidae,45.442,-103.5876,,1968-06-07
Taxidea taxus,Mustelidae,49.0782,-119.0035,,1889-08-09
Taxidea taxus,Mustelidae,43.8744,-103.8557,,1964-07-01
Taxidea taxus,Mustelidae,39.4734,-118.908,,1945-10-27
Taxidea taxus,Mustelidae,45.7101,-97.4454,,1965-07-01
Taxidea taxus,Mustelidae,39.3914,-118.8829,,1942-10-15
Taxidea taxus,Mustelidae,39.3634,-101.3769,,1931-12-24
Taxidea taxus,Mustelidae,43.1087,-96.1657,,1970-07-25
Taxidea taxus,Mustelidae,39.4291,-118.9153,,1942-10-09
Taxidea taxus,Mustelidae,42.7756,-88.944,,1932-11-25
Taxidea taxus,Mustelidae,44.8872,-87.8645,,1996-01-21
Taxidea taxus,Mustelidae,44.438,-93.3497,,1990-10-30
Taxidea taxus,Mustelidae,44.9385,-84.7358,,1981-05-07
Taxidea taxus,Mustelidae,44.0806,-103.2311,,1935-01-01
Taxidea taxus,Mustelidae,37.7737,-121.5805,,2015-11-20
Taxidea taxus,Mustelidae,38.0281,-122.8406,28300.0,2015-05-15
Taxidea taxus,Mustelidae,33.0539,-100.5064,305.0,2016-11-04
Taxidea taxus,Mustelidae,45.2886,-85.1487,8.0,2017-09-17
Taxidea taxus,Mustelidae,38.9014,-113.7036,5.0,2018-04-08
Taxidea taxus,Mustelidae,38.3243,-122.6667,5.0,2018-06-17
Taxidea taxus,Mustelidae,38.1462,-104.4231,244.0,2018-05-12
Taxidea taxus,Mustelidae,32.3234,-110.9951,8022.0,2014-05-28
Taxidea taxus,Mustelidae,45.2886,-85.1487,8.0,2017-09-17
Taxidea taxus,Mustelidae,48.4677,-117.738,31.0,2012-06-24
Taxidea taxus,Mustelidae,32.3517,-111.0968,10.0,2015-02-28
Taxidea taxus,Mustelidae,46.6672,-119.3747,4544.0,2013-05-03
Taxidea taxus,Mustelidae,40.4058,-108.6175,,2017-05-22
Taxidea taxus,Mustelidae,33.1598,-116.0177,28998.0,2016-12-01
Taxidea taxus,Mustelidae,33.0541,-116.9405,3.0,2018-05-31
Taxidea taxus,Mustelidae,44.914,-110.3577,,2012-05-08
Taxidea taxus,Mustelidae,44.913,-110.3276,94.0,2013-06-16
Taxidea taxus,Mustelidae,43.8179,-116.4994,41221.0,2011-05-06
Taxidea taxus,Mustelidae,41.8972,-88.5368,5.0,2018-07-29
Taxidea taxus,Mustelidae,43.8947,-114.8224,87851.0,2009-08-11
Taxidea taxus,Mustelidae,29.2981,-103.2614,,2018-04-23
Taxidea taxus,Mustelidae,30.2288,-103.3546,,2018-05-11
Taxidea taxus,Mustelidae,26.1503,-108.7228,29891.0,2016-04-15
Taxidea taxus,Mustelidae,43.6398,-103.4624,61.0,2017-08-17
Taxidea taxus,Mustelidae,25.9276,-100.0485,29913.0,2016-07-13
Taxidea taxus,Mustelidae,37.7493,-112.3719,59.0,2018-07-15
Taxidea taxus,Mustelidae,29.1799,-103.5506,29533.0,2017-08-24
Taxidea taxus,Mustelidae,27.5215,-98.4775,4.0,2017-03-09
Taxidea taxus,Mustelidae,30.5424,-101.7111,29356.0,2016-04-16
Taxidea taxus,Mustelidae,33.1933,-116.1408,29012.0,2017-12-13
Taxidea taxus,Mustelidae,32.7718,-99.429,10000.0,2014-06-19
Taxidea taxus,Mustelidae,36.4912,-121.1795,28534.0,2017-07-16
Taxidea taxus,Mustelidae,30.2943,-103.138,2.0,2017-06-24
Taxidea taxus,Mustelidae,32.9443,-103.5106,73.0,2018-06-03
Taxidea taxus,Mustelidae,33.0591,-100.4981,4.0,2017-12-12
Taxidea taxus,Mustelidae,31.6363,-102.8238,5.0,2014-02-23
Taxidea taxus,Mustelidae,47.39,-91.205,,2017-10-04
Taxidea taxus,Mustelidae,43.6281,-82.793,31250.0,2017-07-08
Taxidea taxus,Mustelidae,41.749,-110.4921,16.0,2017-08-05
Taxidea taxus,Mustelidae,32.572,-116.7586,,2017-09-13
Taxidea taxus,Mustelidae,41.5552,-105.6876,2443.0,2016-04-17
Taxidea taxus,Mustelidae,35.4654,-113.1188,412.0,2016-03-24
Taxidea taxus,Mustelidae,36.7246,-121.2794,,2016-05-13
Taxidea taxus,Mustelidae,49.5582,-113.7379,,2017-05-31
Taxidea taxus,Mustelidae,36.5053,-121.0918,26.0,2016-05-24
Taxidea taxus,Mustelidae,33.1717,-116.1279,29012.0,2017-12-13
Taxidea taxus,Mustelidae,44.9895,-110.7046,,2018-07-12
Taxidea taxus,Mustelidae,41.0084,-103.9728,100.0,2016-12-27
Taxidea taxus,Mustelidae,31.6605,-101.7429,468.0,2014-06-07
Taxidea taxus,Mustelidae,31.0152,-108.2533,29278.0,2017-01-12
Taxidea taxus,Mustelidae,31.0003,-110.2603,29278.0,2018-06-25
Taxidea taxus,Mustelidae,31.3576,-109.1287,29252.0,2018-08-26
Taxidea taxus,Mustelidae,44.8685,-110.1746,,2016-07-24
Taxidea taxus,Mustelidae,30.2711,-103.4255,5.0,2016-08-31
Taxidea taxus,Mustelidae,33.8273,-98.2431,9.0,2014-10-20
Taxidea taxus,Mustelidae,34.3769,-118.4696,,2008-07-22
Taxidea taxus,Mustelidae,33.0085,-116.1603,29012.0,2007-06-25
Taxidea taxus,Mustelidae,41.4585,-120.531,420.0,2017-05-29
Taxidea taxus,Mustelidae,31.5238,-109.3029,4729.0,2017-08-19
Taxidea taxus,Mustelidae,44.8685,-110.1746,,2016-07-24
Taxidea taxus,Mustelidae,38.0942,-122.9138,,2015-05-20
Taxidea taxus,Mustelidae,42.7038,-85.4155,1202.0,1996-12-17
Taxidea taxus,Mustelidae,42.4081,-83.7563,940.0,1949-07-29
Taxidea taxus,Mustelidae,43.8903,-84.0943,1164.0,1997-11-14
Taxidea taxus,Mustelidae,42.4874,-83.9047,3906.0,1905-12-01
Taxidea taxus,Mustelidae,42.4342,-84.022,819.0,1939-07-20
Taxidea taxus,Mustelidae,45.571,-84.7857,,1998-07-18
Taxidea taxus,Mustelidae,41.8874,-83.5779,2412.0,1949-05-12
Taxidea taxus,Mustelidae,44.5311,-84.8589,1164.0,1997-11-03
Taxidea taxus,Mustelidae,42.8129,-85.2517,6854.0,1997-12-03
Taxidea taxus,Mustelidae,42.4278,-85.7683,1164.0,1997-11-09
Taxidea taxus,Mustelidae,46.0854,-118.905,818.0,1922-05-31
Taxidea taxus,Mustelidae,43.2514,-84.2779,1202.0,1997-11-07
Taxidea taxus,Mustelidae,42.979,-86.0136,1164.0,1997-12-04
Taxidea taxus,Mustelidae,43.2132,-83.4542,1302.0,1897-10-01
Taxidea taxus,Mustelidae,44.4597,-84.7902,1164.0,1993-11-11
Taxidea taxus,Mustelidae,42.2708,-83.7262,9683.0,1929-07-11
Taxidea taxus,Mustelidae,42.4342,-84.022,819.0,1923-06-08
Taxidea taxus,Mustelidae,45.5288,-84.8625,1164.0,1997-10-24
Taxidea taxus,Mustelidae,34.0544,-116.5721,7694.0,1949-10-02
Taxidea taxus,Mustelidae,34.1247,-118.777,3270.0,1987-10-18
Taxidea taxus,Mustelidae,33.7232,-116.2232,1067.0,1931-01-01
Taxidea taxus,Mustelidae,36.7308,-116.2321,,1967-07-27
Taxidea taxus,Mustelidae,35.2749,-117.934,8127.0,1973-01-09
Taxidea taxus,Mustelidae,35.2631,-117.9712,1207.0,1969-09-29
Taxidea taxus,Mustelidae,36.7846,-114.0571,6935.0,1949-07-16
Taxidea taxus,Mustelidae,35.3066,-117.9002,1609.0,1969-05-06
Taxidea taxus,Mustelidae,33.555,-102.279,,1980-04-22
Taxidea taxus,Mustelidae,33.616,-101.17,,1982-07-16
Taxidea taxus,Mustelidae,32.783,-102.645,,1990-07-14
Taxidea taxus,Mustelidae,35.7333,-120.2667,,1948-02-03
Taxidea taxus,Mustelidae,49.35,-120.9833,,1932-09-27
Taxidea taxus,Mustelidae,44.15,-81.0333,,1980-11-17
Taxidea taxus,Mustelidae,42.7898,-80.4699,,1991-08-01
Taxidea taxus,Mustelidae,30.8136,-102.8929,,2001-10-14
Taxidea taxus,Mustelidae,41.094,-105.5906,22248.0,1970-10-15
Taxidea taxus,Mustelidae,50.5086,-116.0313,,1945-08-29
Taxidea taxus,Mustelidae,34.4375,-119.8528,,1984-05-17
Taxidea taxus,Mustelidae,30.8939,-102.7947,,1938-08-31
Taxidea taxus,Mustelidae,37.4835,-105.1967,6989.0,1941-07-09
Taxidea taxus,Mustelidae,42.9904,-107.5697,355468.0,1974-01-15
Taxidea taxus,Mustelidae,31.285,-113.4519,,1980-06-10
Taxidea taxus,Mustelidae,34.2322,-113.6019,,1966-04-07
Taxidea taxus,Mustelidae,32.2217,-110.9258,,1933-04-01
Taxidea taxus,Mustelidae,24.8561,-100.6999,,2009-03-23
Taxidea taxus,Mustelidae,47.64,-120.2173,174.0,1962-07-13
Taxidea taxus,Mustelidae,26.9283,-113.1639,,1980-01-01
Taxidea taxus,Mustelidae,31.8699,-106.4406,386.0,1974-05-27
Taxidea taxus,Mustelidae,42.2788,-83.7512,,1860-01-01
Taxidea taxus,Mustelidae,24.8938,-100.7278,,2009-01-26
Taxidea taxus,Mustelidae,24.7651,-103.8367,,1987-09-28
Taxidea taxus,Mustelidae,30.31,-115.39,,2002-09-27
Taxidea taxus,Mustelidae,38.8528,-99.1286,,1960-08-15
Taxidea taxus,Mustelidae,43.634,-109.4808,969.0,1981-08-09
Taxidea taxus,Mustelidae,44.2299,-85.284,1164.0,1970-10-05
Taxidea taxus,Mustelidae,41.3114,-105.5906,25595.0,1973-12-04
Taxidea taxus,Mustelidae,42.9904,-107.5697,355468.0,1974-01-04
Taxidea taxus,Mustelidae,32.2667,-110.8667,,1916-01-09
Taxidea taxus,Mustelidae,45.3,-93.5833,,1925-10-28
Taxidea taxus,Mustelidae,40.9438,-106.2936,1000.0,1913-08-22
Taxidea taxus,Mustelidae,31.5274,-100.5218,,2005-08-26
Taxidea taxus,Mustelidae,42.4632,-98.7623,,2010-11-13
Taxidea taxus,Mustelidae,42.6312,-85.7694,1164.0,1990-01-01
Taxidea taxus,Mustelidae,40.3509,-108.5995,,1960-08-15
Taxidea taxus,Mustelidae,26.6667,-103.7333,,1993-10-02
Taxidea taxus,Mustelidae,45.5462,-116.8501,298.0,1979-04-19
Taxidea taxus,Mustelidae,24.8404,-100.6714,,2009-11-17
Taxidea taxus,Mustelidae,19.1123,-99.1822,,2004-12-10
Taxidea taxus,Mustelidae,42.4959,-120.8764,8059.0,1952-08-28
Taxidea taxus,Mustelidae,39.0356,-100.1548,,1978-07-28
Taxidea taxus,Mustelidae,45.1195,-84.1743,1164.0,1990-10-29
Taxidea taxus,Mustelidae,26.9103,-102.0144,,1997-04-11
Taxidea taxus,Mustelidae,42.7298,-84.3259,6854.0,1979-11-07
Taxidea taxus,Mustelidae,31.4346,-100.4324,,2000-09-05
Taxidea taxus,Mustelidae,42.9904,-107.5697,355468.0,1974-01-31
Taxidea taxus,Mustelidae,48.2453,-114.2958,,2000-09-03
Taxidea taxus,Mustelidae,24.8395,-100.7026,,2007-01-27
Taxidea taxus,Mustelidae,41.3114,-105.5906,25595.0,1973-12-18
Taxidea taxus,Mustelidae,38.938,-99.6721,,1989-11-11
Taxidea taxus,Mustelidae,30.7598,-115.4456,,2002-09-27
Taxidea taxus,Mustelidae,31.5307,-100.564,,1994-07-08
Taxidea taxus,Mustelidae,49.0833,-116.1,,1929-09-27
Taxidea taxus,Mustelidae,43.4935,-82.6238,1202.0,1990-01-01
Taxidea taxus,Mustelidae,24.8486,-100.6862,,2008-12-14
Taxidea taxus,Mustelidae,31.3765,-100.4877,,1989-10-10
Taxidea taxus,Mustelidae,38.9172,-97.1763,,1977-08-21
Taxidea taxus,Mustelidae,43.5077,-83.1179,1202.0,1990-11-07
Taxidea taxus,Mustelidae,37.22,-107.34,8045.0,1971-04-07
Taxidea taxus,Mustelidae,19.3083,-99.225,,1984-12-18
Taxidea taxus,Mustelidae,48.2453,-114.2958,,2000-09-03
Taxidea taxus,Mustelidae,42.4632,-98.7623,,2010-12-08
Taxidea taxus,Mustelidae,31.8401,-109.6954,,1951-11-03
Taxidea taxus,Mustelidae,43.2435,-83.6883,1032.0,1990-01-01
Taxidea taxus,Mustelidae,26.6743,-103.7911,,2010-11-12
Taxidea taxus,Mustelidae,42.0894,-106.188,1609.0,1991-07-01
Taxidea taxus,Mustelidae,24.8536,-100.6951,,2009-07-30
Taxidea taxus,Mustelidae,24.9111,-107.8025,,1996-10-16
Taxidea taxus,Mustelidae,38.7306,-98.2649,,1972-08-21
Taxidea taxus,Mustelidae,44.0565,-84.8568,,1976-01-01
Taxidea taxus,Mustelidae,24.1877,-110.9451,,1994-10-30
Taxidea taxus,Mustelidae,52.0167,-121.7833,,1949-08-14
Taxidea taxus,Mustelidae,30.8267,-108.45,,1994-10-09
Taxidea taxus,Mustelidae,40.2503,-83.0002,,1968-03-01
Taxidea taxus,Mustelidae,36.0667,-120.3594,,1977-11-01
Taxidea taxus,Mustelidae,27.9769,-114.0611,,1990-07-24
Taxidea taxus,Mustelidae,26.1684,-97.1728,,1984-11-16
Taxidea taxus,Mustelidae,42.9904,-107.5697,355468.0,1974-01-31
Taxidea taxus,Mustelidae,38.1426,-122.7046,,2007-06-29
Taxidea taxus,Mustelidae,37.422,-122.1991,1630.0,1981-07-28
Taxidea taxus,Mustelidae,22.0136,-101.2419,,1969-08-23
Taxidea taxus,Mustelidae,31.7727,-113.485,,1991-11-10
Taxidea taxus,Mustelidae,27.3,-112.9,4085.0,1933-04-25
Taxidea taxus,Mustelidae,32.6468,-111.1001,,1962-05-07
Taxidea taxus,Mustelidae,31.6698,-109.1558,,1969-10-04
Taxidea taxus,Mustelidae,42.6889,-84.2829,1622.0,1980-01-01
Taxidea taxus,Mustelidae,50.5086,-116.0313,,1959-11-07
Taxidea taxus,Mustelidae,35.77,-120.79,284.68,2002-11-12
Taxidea taxus,Mustelidae,39.5349,-118.8565,9553.07,1941-01-13
Taxidea taxus,Mustelidae,34.7299,-118.4207,670.56,1904-06-21
Taxidea taxus,Mustelidae,40.4595,-121.4426,212.43,1923-10-19
Taxidea taxus,Mustelidae,39.1007,-114.5603,6463.13,1929-07-20
Taxidea taxus,Mustelidae,36.3973,-121.3231,160.93,1936-08-01
Taxidea taxus,Mustelidae,43.4634,-114.2604,1945.7,1935-11-22
Taxidea taxus,Mustelidae,36.351,-121.8927,1609.34,1966-05-30
Taxidea taxus,Mustelidae,37.0121,-122.082,3218.69,1983-08-18
Taxidea taxus,Mustelidae,35.4594,-120.1671,7242.05,1947-03-31
Taxidea taxus,Mustelidae,42.1723,-116.1101,2455.86,1934-06-01
Taxidea taxus,Mustelidae,24.0612,-110.3923,,1929-03-06
Taxidea taxus,Mustelidae,37.8793,-119.3957,645.35,1915-07-11
Taxidea taxus,Mustelidae,35.9007,-120.2711,160.93,1947-06-23
Taxidea taxus,Mustelidae,36.9782,-118.5116,128.75,1961-09-05
Taxidea taxus,Mustelidae,39.4402,-118.8808,24425.01,1940-11-07
Taxidea taxus,Mustelidae,37.1227,-120.7987,804.67,1930-07-22
Taxidea taxus,Mustelidae,37.7951,-121.8664,281.0,2008-04-21
Taxidea taxus,Mustelidae,42.2276,-120.6925,14.48,1929-12-17
Taxidea taxus,Mustelidae,41.4438,-120.167,1993.98,1910-08-04
Taxidea taxus,Mustelidae,29.7761,-111.0561,17670.0,1941-11-18
Taxidea taxus,Mustelidae,36.434,-118.2678,804.67,1911-08-08
Taxidea taxus,Mustelidae,41.5104,-120.4975,3606.54,1920-05-20
Taxidea taxus,Mustelidae,40.1524,-120.0137,317.04,1916-07-06
Taxidea taxus,Mustelidae,32.5653,-104.3971,1233.0,1940-06-04
Taxidea taxus,Mustelidae,35.6016,-120.3091,1207.01,1946-08-28
Taxidea taxus,Mustelidae,42.1887,-120.3455,1462.89,1929-12-23
Taxidea taxus,Mustelidae,35.6,-120.3193,2011.68,1947-02-03
Taxidea taxus,Mustelidae,40.4146,-116.8001,428.09,1916-10-23
Taxidea taxus,Mustelidae,37.5172,-116.2553,3036.83,1931-09-24
Taxidea taxus,Mustelidae,37.4018,-118.2245,30.0,1917-07-21
Taxidea taxus,Mustelidae,40.735,-116.019,,1927-06-30
Taxidea taxus,Mustelidae,40.8724,-96.6668,,1949-09-22
Taxidea taxus,Mustelidae,45.5852,-103.6315,,1968-05-31
Taxidea taxus,Mustelidae,38.091,-98.4883,,1925-07-14
Taxidea taxus,Mustelidae,39.418,-118.9499,,1942-10-15
Taxidea taxus,Mustelidae,39.5349,-118.8565,,1941-01-13
Taxidea taxus,Mustelidae,38.8993,-100.1868,,1912-07-01
Taxidea taxus,Mustelidae,40.5103,-96.9607,,1994-05-04
Taxidea taxus,Mustelidae,38.9927,-95.3874,,1993-07-07
Taxidea taxus,Mustelidae,39.3634,-101.3769,,1931-01-15
Taxidea taxus,Mustelidae,37.5667,-101.7836,,1911-06-15
Taxidea taxus,Mustelidae,35.8589,-108.7614,,1929-12-15
Taxidea taxus,Mustelidae,39.3634,-101.3769,,1931-12-24
Taxidea taxus,Mustelidae,33.9388,-117.3959,,1953-06-08
Taxidea taxus,Mustelidae,39.4734,-118.908,,1942-10-15
Taxidea taxus,Mustelidae,40.8699,-103.699,,1946-08-31
Taxidea taxus,Mustelidae,39.3914,-118.8829,,1942-10-19
Taxidea taxus,Mustelidae,39.3634,-101.3769,,1931-01-15
Taxidea taxus,Mustelidae,39.4734,-118.9454,,1940-12-12
Taxidea taxus,Mustelidae,39.4589,-118.908,,1940-12-02
Taxidea taxus,Mustelidae,32.3088,-110.9263,,1950-07-12
Taxidea taxus,Mustelidae,42.2726,-109.5497,,1951-06-20
Taxidea taxus,Mustelidae,26.8325,-108.2581,,1962-05-29
Taxidea taxus,Mustelidae,41.2936,-104.6173,,1981-03-02
Taxidea taxus,Mustelidae,39.4734,-118.9267,,1942-02-14
Taxidea taxus,Mustelidae,38.4963,-98.7226,,1959-11-22
Taxidea taxus,Mustelidae,40.1138,-101.7638,,1956-11-23
Taxidea taxus,Mustelidae,39.4235,-118.9326,,1943-09-26
Taxidea taxus,Mustelidae,39.3634,-101.3769,,1931-01-15
Taxidea taxus,Mustelidae,40.6447,-97.0756,,1959-08-02
Taxidea taxus,Mustelidae,42.8714,-112.445,,1931-01-15
Taxidea taxus,Mustelidae,39.0685,-95.3932,,1948-08-20
Taxidea taxus,Mustelidae,39.3634,-101.3769,,1931-01-15
Taxidea taxus,Mustelidae,39.3634,-101.3769,,1931-01-15
Taxidea taxus,Mustelidae,39.4346,-118.8981,,1942-11-20
Taxidea taxus,Mustelidae,39.3634,-101.3769,,1931-12-24
Taxidea taxus,Mustelidae,40.317,-94.873,,1974-04-15
Taxidea taxus,Mustelidae,44.4877,-89.3096,,1992-08-02
Taxidea taxus,Mustelidae,46.9115,-98.7091,,1902-05-20
Taxidea taxus,Mustelidae,43.812,-93.1192,,1990-11-03
Taxidea taxus,Mustelidae,42.1949,-88.1913,,1936-09-07
Taxidea taxus,Mustelidae,38.0525,-103.7202,,1899-01-05
Taxidea taxus,Mustelidae,34.1157,-118.1605,,1904-08-11
Taxidea taxus,Mustelidae,41.1129,-108.0215,,1991-01-01
Taxidea taxus,Mustelidae,43.3011,-103.8255,,1924-04-25
Taxidea taxus,Mustelidae,29.407,-97.745,,1970-03-27
Taxidea taxus,Mustelidae,42.7582,-105.3829,,1989-10-01
Taxidea taxus,Mustelidae,41.85,-87.6501,,1938-05-01
Taxidea taxus,Mustelidae,44.5436,-88.0881,,2002-06-23
Taxidea taxus,Mustelidae,44.152,-90.1952,5.0,2018-05-27
Taxidea taxus,Mustelidae,30.9557,-103.4495,5.0,2018-08-19
Taxidea taxus,Mustelidae,44.9171,-110.2574,9468.0,2008-06-17
Taxidea taxus,Mustelidae,26.4739,-98.0532,,2016-07-04
Taxidea taxus,Mustelidae,40.1925,-111.1827,2165.0,2010-08-03
Taxidea taxus,Mustelidae,32.7027,-115.5836,,2017-07-29
Taxidea taxus,Mustelidae,25.3881,-100.8448,29981.0,2017-11-11
Taxidea taxus,Mustelidae,43.8003,-112.7431,500.0,2015-08-24
Taxidea taxus,Mustelidae,46.3177,-120.4965,1101.0,2017-08-06
Taxidea taxus,Mustelidae,33.0474,-100.5189,4.0,2017-12-12
Taxidea taxus,Mustelidae,38.4568,-104.6478,28240.0,2018-08-13
Taxidea taxus,Mustelidae,37.0421,-121.2365,8.0,2014-03-19
Taxidea taxus,Mustelidae,30.9626,-104.169,5.0,2014-07-21
Taxidea taxus,Mustelidae,51.4462,-105.3351,26196.0,2018-05-24
Taxidea taxus,Mustelidae,39.2338,-105.9881,217.0,2017-05-05
Taxidea taxus,Mustelidae,35.0964,-118.8147,,2013-03-10
Taxidea taxus,Mustelidae,42.8976,-118.8808,27552.0,2017-06-26
Taxidea taxus,Mustelidae,33.1757,-116.1008,5.0,2017-12-13
Taxidea taxus,Mustelidae,31.9211,-109.8214,5.0,2016-10-24
Taxidea taxus,Mustelidae,31.5503,-109.2741,15.0,2017-08-22
Taxidea taxus,Mustelidae,34.7245,-114.3155,165.0,2018-03-23
Taxidea taxus,Mustelidae,29.2121,-101.0159,29508.0,2017-03-31
Taxidea taxus,Mustelidae,33.1026,-116.0747,29012.0,2008-08-02
Taxidea taxus,Mustelidae,49.4341,-115.5434,26518.0,2008-06-20
Taxidea taxus,Mustelidae,33.1344,-116.1012,29012.0,2017-12-13
Taxidea taxus,Mustelidae,44.7146,-110.3469,83408.0,2017-06-30
Taxidea taxus,Mustelidae,42.6835,-110.5093,,2013-07-24
Taxidea taxus,Mustelidae,33.6303,-113.3245,,2014-06-07
Taxidea taxus,Mustelidae,32.2304,-107.2867,5.0,2018-08-10
Taxidea taxus,Mustelidae,38.1968,-122.9636,,2016-07-04
Taxidea taxus,Mustelidae,40.3964,-112.9961,66042.0,2018-06-18
Taxidea taxus,Mustelidae,38.4265,-123.095,13.0,2014-09-13
Taxidea taxus,Mustelidae,43.3118,-116.2598,163.0,2017-04-26
Taxidea taxus,Mustelidae,44.9082,-110.3446,,2009-06-06
Taxidea taxus,Mustelidae,31.263,-100.4723,10.0,2017-08-15
Taxidea taxus,Mustelidae,33.0489,-100.4996,19.0,2015-08-04
Taxidea taxus,Mustelidae,22.078,-101.7312,30318.0,2013-10-03
Taxidea taxus,Mustelidae,43.8179,-116.4994,41221.0,2011-05-06
Taxidea taxus,Mustelidae,30.8923,-102.2598,15.0,2015-08-09
Taxidea taxus,Mustelidae,37.4636,-122.4286,6649.0,2014-11-25
Taxidea taxus,Mustelidae,35.9208,-119.3682,11007.0,2018-06-25
Taxidea taxus,Mustelidae,38.5043,-113.6079,10.0,2013-07-25
Taxidea taxus,Mustelidae,31.187,-110.0819,29278.0,2016-07-22
Taxidea taxus,Mustelidae,36.7181,-121.2779,,2016-08-12
Taxidea taxus,Mustelidae,35.5934,-106.1626,915.0,2017-05-21
Taxidea taxus,Mustelidae,29.1402,-98.4291,5.0,2014-07-18
Taxidea taxus,Mustelidae,25.9783,-100.0607,29913.0,2016-07-13
Taxidea taxus,Mustelidae,31.5504,-110.1825,107.0,2014-09-19
Taxidea taxus,Mustelidae,36.6261,-121.0085,106.0,2014-04-27
Taxidea taxus,Mustelidae,38.5178,-122.7261,28240.0,2018-05-16
Taxidea taxus,Mustelidae,33.1751,-116.1002,30.0,2008-07-13
Taxidea taxus,Mustelidae,35.8632,-106.6453,,2012-10-26
Taxidea taxus,Mustelidae,33.3633,-114.6884,252.0,2015-05-01
Taxidea taxus,Mustelidae,49.6168,-109.8117,26486.0,2009-08-12
Taxidea taxus,Mustelidae,42.7178,-85.4945,1202.0,1996-11-11
Taxidea taxus,Mustelidae,43.4798,-110.7622,1609.0,1932-06-27
Taxidea taxus,Mustelidae,42.5144,-83.9517,819.0,1908-11-01
Taxidea taxus,Mustelidae,42.3391,-83.8913,993.0,1958-07-16
Taxidea taxus,Mustelidae,44.6744,-84.1814,1164.0,1993-11-04
Taxidea taxus,Mustelidae,43.0979,-84.7088,1164.0,1993-12-04
Taxidea taxus,Mustelidae,42.3726,-84.1608,1165.0,1993-11-02
Taxidea taxus,Mustelidae,42.2447,-83.9263,1165.0,1993-11-14
Taxidea taxus,Mustelidae,44.3129,-83.893,1164.0,1997-10-28
Taxidea taxus,Mustelidae,33.363,-102.117,,1933-06-23
Taxidea taxus,Mustelidae,45.7869,-87.9039,1233.0,1909-01-01
Taxidea taxus,Mustelidae,48.1966,-96.7727,2588.0,1910-05-01
Taxidea taxus,Mustelidae,42.3674,-85.717,1165.0,1997-11-08
Taxidea taxus,Mustelidae,42.2105,-83.8949,188.0,1981-06-04
Taxidea taxus,Mustelidae,48.1127,-98.865,1635.0,1920-08-12
Taxidea taxus,Mustelidae,42.3821,-84.0735,6856.0,1943-05-11
Taxidea taxus,Mustelidae,26.903,-108.6945,495.0,1950-08-15
Taxidea taxus,Mustelidae,34.919,-119.1933,6035.0,1978-04-30
Taxidea taxus,Mustelidae,46.8895,-97.0521,24163.0,1949-01-01
Taxidea taxus,Mustelidae,33.5023,-117.1548,4358.0,1941-09-29
Taxidea taxus,Mustelidae,33.9321,-116.9757,1067.0,1931-04-01
Taxidea taxus,Mustelidae,35.6616,-118.0233,30.0,1936-04-28
Taxidea taxus,Mustelidae,34.24,-116.9,,1952-10-01
Taxidea taxus,Mustelidae,35.5102,-117.8956,6518.0,1969-12-22
Taxidea taxus,Mustelidae,34.1189,-114.51,163.0,1935-08-14
Taxidea taxus,Mustelidae,23.1815,-102.4752,1636.0,1970-07-21
Taxidea taxus,Mustelidae,34.0757,-118.6585,3779.0,1956-02-01
Taxidea taxus,Mustelidae,35.6003,-117.864,1609.0,1970-02-16
Taxidea taxus,Mustelidae,27.882,-99.3957,,1983-01-01
Taxidea taxus,Mustelidae,33.316,-99.858,,1966-06-27
Taxidea taxus,Mustelidae,33.456,-101.645,,1987-05-10
Taxidea taxus,Mustelidae,33.62,-101.854,,1966-12-15
Taxidea taxus,Mustelidae,33.469,-101.218,,1985-10-01
Taxidea taxus,Mustelidae,33.343,-101.211,,1965-07-16
Taxidea taxus,Mustelidae,26.481,-97.55,,1968-06-10
Taxidea taxus,Mustelidae,33.142,-101.318,,1983-05-07
Taxidea taxus,Mustelidae,49.8333,-99.95,,1888-12-20
Taxidea taxus,Mustelidae,45.0,-75.5667,,1956-07-03
Taxidea taxus,Mustelidae,42.79,-80.2005,2.03,1934-11-05
Taxidea taxus,Mustelidae,32.2601,-110.8738,658.0,1892-01-01
Taxidea taxus,Mustelidae,37.1999,-106.664,6500.0,1914-09-19
Taxidea taxus,Mustelidae,37.9231,-99.4094,,1978-05-20
Taxidea taxus,Mustelidae,31.9862,-109.0382,,1973-09-15
Taxidea taxus,Mustelidae,38.8708,-99.4128,,2007-11-21
Taxidea taxus,Mustelidae,49.4583,-120.5083,,1928-05-14
Taxidea taxus,Mustelidae,31.6324,-101.755,,1992-10-12
Taxidea taxus,Mustelidae,26.7692,-103.787,,2011-04-10
Taxidea taxus,Mustelidae,34.4583,-119.9869,,1990-05-19
Taxidea taxus,Mustelidae,31.8333,-110.8522,,1933-03-01
Taxidea taxus,Mustelidae,31.8002,-106.5286,565.0,1981-07-30
Taxidea taxus,Mustelidae,50.6745,-120.3273,,1934-01-01
Taxidea taxus,Mustelidae,32.2667,-110.8667,,1916-02-10
Taxidea taxus,Mustelidae,35.5066,-121.0211,,2016-06-30
Taxidea taxus,Mustelidae,31.92,-106.039,8100.0,1974-06-03
Taxidea taxus,Mustelidae,42.9904,-107.5697,355468.0,1974-02-05
Taxidea taxus,Mustelidae,26.6743,-103.7911,,2010-11-12
Taxidea taxus,Mustelidae,30.695,-108.2933,,1994-10-30
Taxidea taxus,Mustelidae,43.202,-103.8564,1164.0,1947-10-01
Taxidea taxus,Mustelidae,42.9904,-107.5697,355468.0,1974-01-15
Taxidea taxus,Mustelidae,25.0389,-111.6524,,2011-01-26
Taxidea taxus,Mustelidae,31.5856,-116.495,,2003-02-02
Taxidea taxus,Mustelidae,33.45,-112.0667,,1928-04-04
Taxidea taxus,Mustelidae,0.0019,0.0015,,1959-01-22
Taxidea taxus,Mustelidae,33.6608,-95.6421,,1980-07-31
Taxidea taxus,Mustelidae,38.8792,-99.3636,,1990-07-23
Taxidea taxus,Mustelidae,24.8491,-100.687,,2009-07-30
Taxidea taxus,Mustelidae,44.5268,-84.6171,311.0,1967-09-18
Taxidea taxus,Mustelidae,28.652,-100.002,,1967-08-15
Taxidea taxus,Mustelidae,41.3114,-105.5906,25595.0,1973-12-04
Taxidea taxus,Mustelidae,18.9804,-97.8829,8256.0,1968-08-04
Taxidea taxus,Mustelidae,40.6895,-108.4902,5000.0,1924-05-20
Taxidea taxus,Mustelidae,41.3114,-105.5906,25595.0,1974-01-11
Taxidea taxus,Mustelidae,34.4208,-119.6972,,1976-05-15
Taxidea taxus,Mustelidae,37.4167,-117.0667,,1922-07-04
Taxidea taxus,Mustelidae,32.4191,-103.9273,,1948-12-23
Taxidea taxus,Mustelidae,42.4632,-98.7623,,2010-12-09
Taxidea taxus,Mustelidae,41.3208,-120.117,698.0,1926-09-03
Taxidea taxus,Mustelidae,31.1423,-101.1703,,2001-12-18
Taxidea taxus,Mustelidae,49.7667,-100.6333,,1921-08-23
Taxidea taxus,Mustelidae,40.8589,-102.8006,564.0,1914-01-12
Taxidea taxus,Mustelidae,39.6055,-98.8419,,1994-08-18
Taxidea taxus,Mustelidae,42.6889,-84.2829,1622.0,1956-08-22
Taxidea taxus,Mustelidae,31.2498,-100.4893,,1984-10-13
Taxidea taxus,Mustelidae,31.3039,-108.8653,,2003-03-19
Taxidea taxus,Mustelidae,45.3699,-118.0444,4476.0,1977-10-06
Taxidea taxus,Mustelidae,34.4372,-119.8519,,1988-05-16
Taxidea taxus,Mustelidae,24.8881,-100.7267,,2008-12-15
Taxidea taxus,Mustelidae,32.1341,-110.9612,,1967-10-30
Taxidea taxus,Mustelidae,38.4845,-109.0333,25066.0,1915-05-25
Taxidea taxus,Mustelidae,38.4528,-99.9431,,1991-09-02
Taxidea taxus,Mustelidae,32.2461,-100.7939,,1968-01-02
Taxidea taxus,Mustelidae,24.738,-103.8368,,1960-01-01
Taxidea taxus,Mustelidae,41.1922,-108.7172,,1961-07-01
Taxidea taxus,Mustelidae,31.3693,-102.0371,,1994-04-28
Taxidea taxus,Mustelidae,28.3836,-98.0591,5103.0,1975-08-10
Taxidea taxus,Mustelidae,31.8098,-110.7091,,1975-04-26
Taxidea taxus,Mustelidae,43.2278,-85.3414,1164.0,1990-02-21
Taxidea taxus,Mustelidae,29.0989,-110.9542,,1932-01-01
Taxidea taxus,Mustelidae,48.0792,-117.0233,4035.0,1954-06-25
Taxidea taxus,Mustelidae,42.8132,-82.8921,1164.0,1991-11-04
Taxidea taxus,Mustelidae,0.0019,0.0015,,1961-08-24
Taxidea taxus,Mustelidae,37.3564,-108.5545,50.0,2007-04-11
Taxidea taxus,Mustelidae,41.6369,-122.0043,18319.0,1914-08-27
Taxidea taxus,Mustelidae,50.4333,-100.5833,,1917-06-07
Taxidea taxus,Mustelidae,24.8345,-100.6714,,2009-11-17
Taxidea taxus,Mustelidae,42.9904,-107.5697,355468.0,1974-01-31
Taxidea taxus,Mustelidae,42.5522,-106.6175,7655.0,1973-01-05
Taxidea taxus,Mustelidae,42.7769,-84.6323,1164.0,1974-12-13
Taxidea taxus,Mustelidae,24.8367,-100.675,,2009-05-20
Taxidea taxus,Mustelidae,31.0709,-115.376,,1998-01-18
Taxidea taxus,Mustelidae,42.4632,-98.7623,,2010-11-12
Taxidea taxus,Mustelidae,50.4333,-100.5833,,1918-09-13
Taxidea taxus,Mustelidae,24.8464,-100.6823,,2008-10-23
Taxidea taxus,Mustelidae,31.9244,-116.7548,,2004-03-02
Taxidea taxus,Mustelidae,38.7767,-99.7883,,1962-11-03
Taxidea taxus,Mustelidae,25.0378,-111.7422,,1995-06-30
Taxidea taxus,Mustelidae,32.2072,-110.6685,,1957-11-02
Taxidea taxus,Mustelidae,40.798,-120.1756,13687.0,1939-10-14
Taxidea taxus,Mustelidae,32.2683,-108.0327,,1965-11-28
Taxidea taxus,Mustelidae,40.3747,-88.9409,,2003-09-30
Taxidea taxus,Mustelidae,46.4355,-117.4239,1000.0,2005-02-18
Taxidea taxus,Mustelidae,31.8233,-102.0279,,1997-05-01
Taxidea taxus,Mustelidae,49.05,-116.0167,,1929-09-10
Taxidea taxus,Mustelidae,42.4632,-98.7623,,2010-11-07
Taxidea taxus,Mustelidae,32.3231,-111.0273,,1970-03-24
Taxidea taxus,Mustelidae,41.3167,-110.3836,,1871-01-01
Taxidea taxus,Mustelidae,34.5075,-119.8661,,1985-09-05
Taxidea taxus,Mustelidae,31.89,-116.39,,1999-06-05
Taxidea taxus,Mustelidae,28.851,-111.8833,,1975-06-24
Taxidea taxus,Mustelidae,39.0904,-114.4411,4858.61,1929-06-28
Taxidea taxus,Mustelidae,42.8712,-112.4453,8383.07,1931-01-15
Taxidea taxus,Mustelidae,23.3673,-109.7748,,1931-07-03
Taxidea taxus,Mustelidae,33.7702,-98.4778,4768.49,1937-12-07
Taxidea taxus,Mustelidae,37.8793,-119.3957,645.35,1915-07-10
Taxidea taxus,Mustelidae,36.428,-121.6229,,2002-01-31
Taxidea taxus,Mustelidae,35.4548,-120.1601,7435.17,1947-03-31
Taxidea taxus,Mustelidae,36.463,-116.8782,1207.01,1917-04-12
Taxidea taxus,Mustelidae,42.1723,-116.1101,2455.86,1934-06-01
Taxidea taxus,Mustelidae,37.996,-122.0018,1901.0,2001-07-15
Taxidea taxus,Mustelidae,42.8712,-112.4453,8383.07,1931-01-15
Taxidea taxus,Mustelidae,40.8745,-118.7363,428.09,1917-06-16
Taxidea taxus,Mustelidae,37.8793,-119.3957,645.35,1915-07-07
Taxidea taxus,Mustelidae,40.459,-121.4278,584.19,1923-10-19
Taxidea taxus,Mustelidae,41.4438,-120.167,1993.98,1910-08-05
Taxidea taxus,Mustelidae,35.5674,-120.2846,3218.69,1947-04-17
Taxidea taxus,Mustelidae,38.9072,-118.811,5779.15,1934-07-11
Taxidea taxus,Mustelidae,24.0612,-110.3923,,1929-03-23
Taxidea taxus,Mustelidae,40.7586,-118.7363,10805.14,1936-07-30
Taxidea taxus,Mustelidae,35.1042,-118.2392,2011.68,1925-04-24
Taxidea taxus,Mustelidae,35.2377,-115.4989,403.95,1938-01-12
Taxidea taxus,Mustelidae,31.639,-112.7516,10960.0,1937-01-20
Taxidea taxus,Mustelidae,43.8544,-114.3635,16568.2,1935-12-20
Taxidea taxus,Mustelidae,39.3711,-119.5702,6702.92,1941-07-26
Taxidea taxus,Mustelidae,37.8734,-122.1909,4879.53,1925-12-23
Taxidea taxus,Mustelidae,39.4734,-118.7771,22556.57,1936-09-28
Taxidea taxus,Mustelidae,39.5349,-118.8565,9553.07,1941-01-13
Taxidea taxus,Mustelidae,32.97,-116.4406,1000.0,1923-07-16
Taxidea taxus,Mustelidae,34.6022,-117.8506,4828.03,1930-04-03
Taxidea taxus,Mustelidae,33.9355,-115.6901,1609.34,1960-04-11
Taxidea taxus,Mustelidae,40.6101,-116.1984,428.09,1925-12-15
Taxidea taxus,Mustelidae,35.5637,-120.2653,3621.02,1947-02-03
Taxidea taxus,Mustelidae,35.5674,-120.2846,3218.69,1947-01-29
Taxidea taxus,Mustelidae,37.8291,-122.5155,1873.28,1944-11-15
Taxidea taxus,Mustelidae,35.5638,-120.2653,3621.02,1947-02-03
Taxidea taxus,Mustelidae,35.16,-115.4618,1000.0,1938-05-23
Taxidea taxus,Mustelidae,40.4544,-106.1243,500.0,1938-12-01
Taxidea taxus,Mustelidae,30.8834,-115.4505,7440.0,1949-07-05
Taxidea taxus,Mustelidae,41.4362,-120.3451,3469.75,1911-07-06
Taxidea taxus,Mustelidae,34.9868,-115.6845,1995.59,1940-06-22
Taxidea taxus,Mustelidae,35.4904,-120.0496,595.46,1946-06-21
Taxidea taxus,Mustelidae,41.4438,-120.167,1993.98,1910-07-28
Taxidea taxus,Mustelidae,38.9957,-117.8771,428.09,1916-11-03
Taxidea taxus,Mustelidae,37.0604,-120.8485,804.67,1927-11-21
Taxidea taxus,Mustelidae,35.4815,-120.3732,4828.03,1947-02-26
Taxidea taxus,Mustelidae,39.8443,-115.7615,428.09,1929-07-08
Taxidea taxus,Mustelidae,39.5851,-98.7404,,1956-11-16
Taxidea taxus,Mustelidae,41.5147,-108.5552,,1945-07-28
Taxidea taxus,Mustelidae,48.9446,-98.9978,,1939-03-10
Taxidea taxus,Mustelidae,38.9714,-95.604,,1970-08-04
Taxidea taxus,Mustelidae,45.561,-110.313,,1947-09-24
Taxidea taxus,Mustelidae,41.0547,-110.4129,,1948-07-01
Taxidea taxus,Mustelidae,41.4522,-92.0953,,1967-04-01
Taxidea taxus,Mustelidae,39.4346,-118.8981,,1942-12-06
Taxidea taxus,Mustelidae,39.9622,-95.9436,,1949-06-24
Taxidea taxus,Mustelidae,39.3229,-118.5335,,1942-12-06
Taxidea taxus,Mustelidae,39.4017,-118.6845,,1942-09-26
Taxidea taxus,Mustelidae,39.0014,-95.1597,,1952-07-28
Taxidea taxus,Mustelidae,42.9383,-112.4827,,1948-09-04
Taxidea taxus,Mustelidae,42.8714,-112.445,,1931-01-15
Taxidea taxus,Mustelidae,41.4845,-105.5858,,1950-02-19
Taxidea taxus,Mustelidae,40.8175,-115.222,,1927-07-05
Taxidea taxus,Mustelidae,39.4235,-118.9326,,1942-11-08
Taxidea taxus,Mustelidae,39.3914,-118.8829,,1942-10-19
Taxidea taxus,Mustelidae,38.1072,-98.4998,,1956-07-18
Taxidea taxus,Mustelidae,38.9717,-95.2165,,1958-07-07
Taxidea taxus,Mustelidae,37.0173,-106.3874,,1951-06-24
Taxidea taxus,Mustelidae,41.9032,-100.2689,,1956-02-04
Taxidea taxus,Mustelidae,37.1702,-100.4465,,1938-06-20
Taxidea taxus,Mustelidae,38.0692,-122.8994,,1988-03-27
Taxidea taxus,Mustelidae,39.7449,-94.7902,,1983-04-23
Taxidea taxus,Mustelidae,40.7999,-96.6668,,1958-08-29
Taxidea taxus,Mustelidae,38.4822,-100.4669,,1931-01-20
Taxidea taxus,Mustelidae,25.4305,-97.3261,,1961-07-07
Taxidea taxus,Mustelidae,39.6465,-99.6433,,1946-10-23
Taxidea taxus,Mustelidae,36.2505,-101.4775,,1954-01-25
Taxidea taxus,Mustelidae,39.6688,-118.468,,1941-08-25
Taxidea taxus,Mustelidae,39.4017,-118.8697,,1942-12-20
Taxidea taxus,Mustelidae,42.7278,-103.8109,,1957-12-15
Taxidea taxus,Mustelidae,39.3634,-101.3769,,1931-01-15
Taxidea taxus,Mustelidae,39.0285,-95.1701,,1958-12-15
Taxidea taxus,Mustelidae,39.11,-107.9053,,1954-06-25
Taxidea taxus,Mustelidae,38.0525,-103.7202,,1899-01-07
Taxidea taxus,Mustelidae,36.2517,-118.2328,,1903-07-20
Taxidea taxus,Mustelidae,41.3668,-83.6166,,1937-08-01
Taxidea taxus,Mustelidae,43.9709,-92.1044,,1994-11-03
Taxidea taxus,Mustelidae,45.8121,-115.6799,,1939-04-22
Taxidea taxus,Mustelidae,49.0908,-107.5399,26582.0,2016-07-19
Taxidea taxus,Mustelidae,34.8157,-115.3414,673.0,2015-11-25
Taxidea taxus,Mustelidae,24.8895,-100.6726,66042.0,2017-06-10
Taxidea taxus,Mustelidae,32.59,-107.3576,,2018-08-04
Taxidea taxus,Mustelidae,33.0111,-116.0823,29012.0,2008-07-07
Taxidea taxus,Mustelidae,31.9635,-101.9138,,2016-06-08
Taxidea taxus,Mustelidae,31.0357,-110.1997,29278.0,2016-08-01
Taxidea taxus,Mustelidae,37.9104,-119.0952,,2017-06-13
Taxidea taxus,Mustelidae,33.1756,-116.0999,30.0,2009-06-23
Taxidea taxus,Mustelidae,31.5502,-110.1825,,2014-09-19
Taxidea taxus,Mustelidae,37.3806,-120.4066,,2017-04-02
Taxidea taxus,Mustelidae,36.9385,-121.2769,28476.0,2016-02-05
Taxidea taxus,Mustelidae,32.7131,-100.565,258.0,2018-05-12
Taxidea taxus,Mustelidae,43.6124,-113.2745,7175.0,2017-09-05
Taxidea taxus,Mustelidae,36.2596,-120.9978,245.0,2014-05-02
Taxidea taxus,Mustelidae,33.0557,-100.5312,2.0,2017-11-05
Taxidea taxus,Mustelidae,38.4214,-123.1036,52.0,2015-05-22
Taxidea taxus,Mustelidae,44.9129,-110.3879,,2012-06-07
Taxidea taxus,Mustelidae,37.8417,-122.4839,,2017-03-29
Taxidea taxus,Mustelidae,41.1214,-105.7616,122.0,2016-05-22
Taxidea taxus,Mustelidae,43.6222,-103.4209,,2017-08-15
Taxidea taxus,Mustelidae,32.1632,-111.1636,5.0,2015-10-14
Taxidea taxus,Mustelidae,43.8179,-116.4994,41221.0,2011-05-06
Taxidea taxus,Mustelidae,43.2435,-118.8949,5.0,2017-05-18
Taxidea taxus,Mustelidae,41.0087,-103.9686,24.0,2016-12-27
Taxidea taxus,Mustelidae,33.1427,-116.1702,29012.0,2017-12-13
Taxidea taxus,Mustelidae,40.5688,-121.3118,170.0,2010-08-22
Taxidea taxus,Mustelidae,40.5723,-111.6302,29.0,2017-07-13
Taxidea taxus,Mustelidae,39.0471,-102.1294,2199.0,2017-04-26
Taxidea taxus,Mustelidae,23.4072,-103.3392,30175.0,2015-10-07
Taxidea taxus,Mustelidae,26.3734,-111.405,29868.0,2018-02-21
Taxidea taxus,Mustelidae,37.0059,-121.0414,4.0,2015-04-02
Taxidea taxus,Mustelidae,41.6001,-93.407,10.0,2017-10-02
Taxidea taxus,Mustelidae,33.8941,-115.8144,4418.0,2011-06-17
Taxidea taxus,Mustelidae,45.2887,-85.1486,31.0,2017-09-17
Taxidea taxus,Mustelidae,38.1186,-122.8972,244.0,2017-04-18
Taxidea taxus,Mustelidae,44.6315,-110.484,30544.0,2013-06-14
Taxidea taxus,Mustelidae,33.0814,-100.5485,8.0,2017-05-24
Taxidea taxus,Mustelidae,48.0352,-108.188,355.0,2012-07-17
Taxidea taxus,Mustelidae,25.8375,-109.1794,29913.0,2017-05-11
Taxidea taxus,Mustelidae,31.1076,-105.1261,,2016-11-29
Taxidea taxus,Mustelidae,31.0555,-110.0002,29278.0,2016-08-27
Taxidea taxus,Mustelidae,38.7053,-123.4488,5.0,2018-06-17
Taxidea taxus,Mustelidae,29.5804,-97.5259,5.0,2015-08-30
Taxidea taxus,Mustelidae,37.4701,-121.195,551.0,2013-07-05
Taxidea taxus,Mustelidae,36.6689,-121.7685,15.0,2017-04-13
Taxidea taxus,Mustelidae,35.2572,-116.0596,,2017-05-31
Taxidea taxus,Mustelidae,24.0349,-110.5553,30112.0,2018-06-13
Taxidea taxus,Mustelidae,43.8179,-116.4994,41221.0,2011-05-06
Taxidea taxus,Mustelidae,31.3626,-108.8908,29252.0,2018-03-31
Taxidea taxus,Mustelidae,43.4927,-110.7487,1187.0,2018-04-21
Taxidea taxus,Mustelidae,47.9021,-117.5476,8.0,2018-08-05
Taxidea taxus,Mustelidae,41.7331,-120.4226,10.0,2017-04-27
Taxidea taxus,Mustelidae,44.9004,-110.3807,122.0,2018-06-20
Taxidea taxus,Mustelidae,34.688,-120.0406,5.0,2013-07-31
Taxidea taxus,Mustelidae,40.5504,-106.2962,244.0,2016-08-11
Taxidea taxus,Mustelidae,33.2198,-116.6056,897.0,2017-04-28
Taxidea taxus,Mustelidae,38.1909,-98.5208,526.0,2018-08-11
Taxidea taxus,Mustelidae,43.3126,-89.9111,,2009-10-18
Taxidea taxus,Mustelidae,24.7732,-101.7951,30047.0,2016-11-15
Taxidea taxus,Mustelidae,33.2571,-116.294,87.0,2016-10-24
Taxidea taxus,Mustelidae,35.1134,-119.7749,54.0,2014-07-25
Taxidea taxus,Mustelidae,31.2174,-104.8511,8.0,2017-07-30
Taxidea taxus,Mustelidae,41.0056,-103.9701,250.0,2016-12-22
Taxidea taxus,Mustelidae,33.8404,-99.0893,28902.0,2014-07-28
Taxidea taxus,Mustelidae,31.7706,-109.0773,,2017-05-08
Taxidea taxus,Mustelidae,48.5165,-119.5387,,2013-05-08
Taxidea taxus,Mustelidae,35.131,-106.6826,500.0,2007-08-12
Taxidea taxus,Mustelidae,33.1756,-116.0995,15.0,2008-07-09
Taxidea taxus,Mustelidae,44.5134,-83.9619,8169.0,2015-05-21
Taxidea taxus,Mustelidae,42.1801,-83.9518,4855.0,1962-08-02
Taxidea taxus,Mustelidae,42.4061,-83.5798,188.0,1859-01-01
Taxidea taxus,Mustelidae,33.363,-102.117,,1933-06-23
Taxidea taxus,Mustelidae,43.328,-84.6762,1164.0,1996-11-06
Taxidea taxus,Mustelidae,42.1817,-84.9719,1165.0,1993-11-04
Taxidea taxus,Mustelidae,42.3044,-83.6046,6856.0,1909-06-10
Taxidea taxus,Mustelidae,45.5633,-84.6635,3084.0,1943-01-01
Taxidea taxus,Mustelidae,42.4676,-84.0846,6856.0,1943-12-20
Taxidea taxus,Mustelidae,42.3614,-84.1906,11924.0,1954-03-21
Taxidea taxus,Mustelidae,42.3483,-83.9481,1165.0,1997-01-07
Taxidea taxus,Mustelidae,45.4632,-84.3053,1164.0,1995-10-31
Taxidea taxus,Mustelidae,42.4057,-83.9885,1165.0,1996-12-16
Taxidea taxus,Mustelidae,45.1491,-84.1744,1164.0,1997-10-24
Taxidea taxus,Mustelidae,46.1651,-118.1305,1622.0,1945-05-16
Taxidea taxus,Mustelidae,45.5633,-84.6635,1313.0,1995-06-30
Taxidea taxus,Mustelidae,43.4572,-84.2395,1164.0,1996-11-11
Taxidea taxus,Mustelidae,43.5153,-83.9249,1164.0,1995-02-15
Taxidea taxus,Mustelidae,34.04,-118.2406,,1938-06-14
Taxidea taxus,Mustelidae,34.0396,-118.7664,1783.0,1953-06-07
Taxidea taxus,Mustelidae,46.8895,-97.0521,24163.0,1949-03-01
Taxidea taxus,Mustelidae,38.8338,-104.8212,5000.0,1951-01-01
Taxidea taxus,Mustelidae,38.8338,-104.8212,5000.0,1951-01-01
Taxidea taxus,Mustelidae,35.2749,-117.934,1207.0,1969-12-03
Taxidea taxus,Mustelidae,32.743,-115.9107,8203.0,1969-05-05
Taxidea taxus,Mustelidae,35.5933,-117.8004,8127.0,1970-02-09
Taxidea taxus,Mustelidae,33.3642,-110.0237,1221.0,1946-07-16
Taxidea taxus,Mustelidae,38.8338,-104.8212,5000.0,1947-10-01
Taxidea taxus,Mustelidae,24.6151,-101.2763,14290.0,1970-07-29
Taxidea taxus,Mustelidae,36.7628,-102.1221,1500.0,1982-11-25
Taxidea taxus,Mustelidae,33.723,-99.109,,1986-01-17
Taxidea taxus,Mustelidae,31.889,-106.597,,1964-08-18
Taxidea taxus,Mustelidae,33.796,-101.668,,1985-09-25
Taxidea taxus,Mustelidae,49.9167,-109.4667,,1933-02-06
Taxidea taxus,Mustelidae,49.1,-107.3833,,1985-07-13
Taxidea taxus,Mustelidae,42.4667,-81.9167,,1985-10-12
Taxidea taxus,Mustelidae,43.0343,-81.3508,,1990-04-08
Taxidea taxus,Mustelidae,42.6331,-88.6436,4810.0,1926-02-11
Taxidea taxus,Mustelidae,39.7907,-103.7319,3036.0,1915-03-03
Taxidea taxus,Mustelidae,36.9086,-111.5816,,1970-12-25
Taxidea taxus,Mustelidae,42.7368,-84.4837,3875.0,1957-08-16
Taxidea taxus,Mustelidae,43.025,-108.3794,5474.0,1964-04-04
Taxidea taxus,Mustelidae,19.1371,-99.1521,,1993-09-21
Taxidea taxus,Mustelidae,41.3114,-105.5906,25595.0,1973-12-07
Taxidea taxus,Mustelidae,32.1815,-112.7381,,1990-10-24
Taxidea taxus,Mustelidae,32.0659,-106.2828,880.0,1981-09-19
Taxidea taxus,Mustelidae,38.8792,-99.3636,,1972-09-03
Taxidea taxus,Mustelidae,45.3,-93.5833,,1926-01-30
Taxidea taxus,Mustelidae,42.4632,-98.7623,,2010-11-08
Taxidea taxus,Mustelidae,43.344,-83.3325,1164.0,1989-11-16
Taxidea taxus,Mustelidae,30.5751,-115.9339,,1963-09-08
Taxidea taxus,Mustelidae,31.4016,-115.7236,,1927-07-12
Taxidea taxus,Mustelidae,37.6344,-121.4957,166.0,1989-05-23
Taxidea taxus,Mustelidae,42.4735,-84.9246,1164.0,1990-01-01
Taxidea taxus,Mustelidae,41.3114,-105.5906,25595.0,1973-01-03
Taxidea taxus,Mustelidae,34.2033,-113.6906,,1960-06-12
Taxidea taxus,Mustelidae,44.7628,-83.5353,1164.0,1990-11-02
Taxidea taxus,Mustelidae,31.0478,-108.6406,,2008-09-13
Taxidea taxus,Mustelidae,32.9886,-116.4486,4828.0,1922-06-18
Taxidea taxus,Mustelidae,26.8251,-104.4131,5410.0,1968-07-08
Taxidea taxus,Mustelidae,32.3723,-104.4815,231.0,1970-06-07
Taxidea taxus,Mustelidae,39.7872,-98.2852,,1987-01-13
Taxidea taxus,Mustelidae,43.5077,-83.1179,1202.0,1989-11-06
Taxidea taxus,Mustelidae,48.0792,-117.0233,4035.0,1954-06-25
Taxidea taxus,Mustelidae,34.4686,-120.3378,,1991-04-01
Taxidea taxus,Mustelidae,32.8333,-102.85,,1982-07-22
Taxidea taxus,Mustelidae,39.1115,-100.5726,1609.0,1973-09-01
Taxidea taxus,Mustelidae,42.4632,-98.7623,,2010-11-04
Taxidea taxus,Mustelidae,34.4506,-119.7203,,1970-06-23
Taxidea taxus,Mustelidae,41.3114,-105.5906,25595.0,1973-12-20
Taxidea taxus,Mustelidae,32.9006,-111.5232,,2001-03-29
Taxidea taxus,Mustelidae,36.2667,-115.6667,,1928-06-16
Taxidea taxus,Mustelidae,42.9904,-107.5697,355468.0,1974-03-28
Taxidea taxus,Mustelidae,25.211,-112.1363,,1975-01-26
Taxidea taxus,Mustelidae,31.9133,-116.3022,,2001-08-04
Taxidea taxus,Mustelidae,30.8983,-108.3967,,1994-08-03
Taxidea taxus,Mustelidae,19.2869,-98.9094,,1968-12-01
Taxidea taxus,Mustelidae,48.2453,-114.2958,,2000-09-03
Taxidea taxus,Mustelidae,42.0202,-85.6159,1165.0,1990-11-10
Taxidea taxus,Mustelidae,37.7234,-118.0543,2625.0,1960-07-22
Taxidea taxus,Mustelidae,32.6072,-110.8516,,1974-07-02
Taxidea taxus,Mustelidae,31.3474,-100.5437,,1993-11-01
Taxidea taxus,Mustelidae,48.2453,-114.2958,,2000-09-03
Taxidea taxus,Mustelidae,51.088,-114.537,,2008-08-08
Taxidea taxus,Mustelidae,41.3114,-105.5906,25595.0,1969-11-15
Taxidea taxus,Mustelidae,41.3114,-105.5906,25595.0,1973-12-07
Taxidea taxus,Mustelidae,31.7941,-110.6547,,1973-05-19
Taxidea taxus,Mustelidae,31.6283,-100.0899,,2009-10-11
Taxidea taxus,Mustelidae,34.7394,-120.5094,,1988-04-12
Taxidea taxus,Mustelidae,48.2453,-114.2958,,2000-09-03
Taxidea taxus,Mustelidae,49.0333,-115.2,,1930-05-06
Taxidea taxus,Mustelidae,24.8454,-100.6805,,2009-10-20
Taxidea taxus,Mustelidae,45.9934,-87.5877,,1982-10-30
Taxidea taxus,Mustelidae,24.8365,-100.7168,,2008-04-24
Taxidea taxus,Mustelidae,24.8404,-100.7089,,2009-06-17
Taxidea taxus,Mustelidae,31.7181,-100.4452,,1987-06-07
Taxidea taxus,Mustelidae,24.7376,-103.8363,86.0,1960-01-01
Taxidea taxus,Mustelidae,24.1375,-110.4672,,1990-03-08
Taxidea taxus,Mustelidae,43.8079,-86.0873,1164.0,1990-11-04
Taxidea taxus,Mustelidae,32.2217,-110.9258,,1936-05-01
Taxidea taxus,Mustelidae,24.188,-110.9333,,1994-10-30
Taxidea taxus,Mustelidae,37.7697,-122.4976,195.0,1936-07-21
Taxidea taxus,Mustelidae,42.6225,-84.3291,1164.0,1989-11-18
Taxidea taxus,Mustelidae,46.1784,-117.5433,2910.0,1954-08-01
Taxidea taxus,Mustelidae,41.3114,-105.5906,25595.0,1974-01-18
Taxidea taxus,Mustelidae,43.6266,-83.2929,6893.0,1989-11-03
Taxidea taxus,Mustelidae,36.2667,-115.6667,,1928-06-04
Taxidea taxus,Mustelidae,24.832,-100.7593,,2009-10-22
Taxidea taxus,Mustelidae,41.3114,-105.5906,25595.0,1973-11-30
Taxidea taxus,Mustelidae,44.8123,-84.0712,6854.0,1990-10-23
Taxidea taxus,Mustelidae,42.9904,-107.5697,355468.0,1974-01-04
Taxidea taxus,Mustelidae,39.7907,-103.7319,3036.0,1917-11-17
Taxidea taxus,Mustelidae,32.2786,-111.1819,,2001-09-30
Taxidea taxus,Mustelidae,32.1202,-111.3131,,1962-11-09
Taxidea taxus,Mustelidae,31.5282,-100.5118,,2005-12-03
Taxidea taxus,Mustelidae,41.3114,-105.5906,25595.0,1973-12-11
Taxidea taxus,Mustelidae,42.4632,-98.7623,,2010-11-05
Taxidea taxus,Mustelidae,49.0386,-119.3361,,1931-07-10
Taxidea taxus,Mustelidae,32.693,-111.0436,,1962-04-23
Taxidea taxus,Mustelidae,42.4632,-98.7623,,2010-11-16
Taxidea taxus,Mustelidae,31.813,-114.54,,1999-06-01
Taxidea taxus,Mustelidae,32.1851,-110.96,,1952-11-24
Taxidea taxus,Mustelidae,49.0833,-112.4167,,1927-06-29
Taxidea taxus,Mustelidae,26.7692,-103.787,,2011-04-10
Taxidea taxus,Mustelidae,44.7901,-84.4404,1164.0,1990-10-17
Taxidea taxus,Mustelidae,37.4399,-121.1625,,2008-03-22
Taxidea taxus,Mustelidae,41.8384,-115.9651,428.09,1916-10-06
Taxidea taxus,Mustelidae,42.8712,-112.4453,8383.07,1931-01-15
Taxidea taxus,Mustelidae,35.4692,-120.1793,6839.71,1947-03-31
Taxidea taxus,Mustelidae,42.3084,-113.6599,6289.32,1936-06-15
Taxidea taxus,Mustelidae,39.1007,-114.5603,6463.13,1929-07-18
Taxidea taxus,Mustelidae,35.4594,-120.1671,7242.05,1947-04-08
Taxidea taxus,Mustelidae,37.8754,-119.3555,30.0,1915-07-11
Taxidea taxus,Mustelidae,38.3718,-121.5169,1609.34,1938-10-22
Taxidea taxus,Mustelidae,38.0779,-122.7091,532.69,2004-09-29
Taxidea taxus,Mustelidae,40.9532,-117.489,1635.09,1916-10-09
Taxidea taxus,Mustelidae,37.7569,-121.9466,25.75,2005-06-15
Taxidea taxus,Mustelidae,41.2168,-118.4671,6463.13,1916-09-13
Taxidea taxus,Mustelidae,40.5958,-122.6902,2251.47,1933-07-20
Taxidea taxus,Mustelidae,35.51,-120.373,4023.36,1947-01-22
Taxidea taxus,Mustelidae,35.5781,-120.2962,2816.35,1947-02-06
Taxidea taxus,Mustelidae,36.6091,-121.8364,804.67,1919-01-14
Taxidea taxus,Mustelidae,38.9324,-115.7142,4853.78,1916-09-30
Taxidea taxus,Mustelidae,30.8834,-115.4505,7440.0,1949-07-07
Taxidea taxus,Mustelidae,39.8443,-115.7615,428.09,1929-07-11
Taxidea taxus,Mustelidae,34.8119,-119.1467,1000.0,1904-07-02
Taxidea taxus,Mustelidae,39.5459,-118.7771,11883.4,1936-05-06
Taxidea taxus,Mustelidae,41.385,-120.2139,1211.84,1910-07-20
Taxidea taxus,Mustelidae,40.8654,-120.1318,947.9,1924-10-17
Taxidea taxus,Mustelidae,39.6861,-123.486,1609.34,1945-03-04
Taxidea taxus,Mustelidae,39.0151,-117.1807,428.09,1927-01-13
Taxidea taxus,Mustelidae,38.2591,-122.3097,9643.19,1911-11-03
Taxidea taxus,Mustelidae,42.2677,-113.5778,13571.6,1936-06-15
Taxidea taxus,Mustelidae,39.5067,-118.8808,24425.01,1941-02-03
Taxidea taxus,Mustelidae,38.3722,-122.9161,402.34,1913-06-19
Taxidea taxus,Mustelidae,35.2377,-115.4989,403.95,1937-12-16
Taxidea taxus,Mustelidae,40.5721,-115.5431,12900.5,1929-03-18
Taxidea taxus,Mustelidae,35.16,-115.4618,1000.0,1938-05-23
Taxidea taxus,Mustelidae,40.7232,-119.2607,5199.79,1936-07-12
Taxidea taxus,Mustelidae,40.8753,-120.1707,,1924-10-17
Taxidea taxus,Mustelidae,41.2612,-114.194,428.09,1916-07-27
Taxidea taxus,Mustelidae,35.5437,-120.2632,4023.36,1947-01-28
Taxidea taxus,Mustelidae,40.551,-120.3135,8323.53,1916-03-19
Taxidea taxus,Mustelidae,42.8712,-112.4453,8383.07,1931-01-15
Taxidea taxus,Mustelidae,37.7085,-117.062,14286.15,1931-05-02
Taxidea taxus,Mustelidae,41.4362,-120.3451,3469.75,1910-06-18
Taxidea taxus,Mustelidae,34.8522,-120.417,1609.34,1978-03-29
Taxidea taxus,Mustelidae,39.4734,-118.9828,31910.07,1940-11-17
Taxidea taxus,Mustelidae,36.027,-100.142,,1956-07-26
Taxidea taxus,Mustelidae,39.4291,-118.9153,,1944-10-05
Taxidea taxus,Mustelidae,40.164,-115.504,,1927-08-10
Taxidea taxus,Mustelidae,27.221,-101.2272,,1949-08-22
Taxidea taxus,Mustelidae,40.5722,-115.5425,,1929-03-21
Taxidea taxus,Mustelidae,45.841,-103.6958,,1961-06-22
Taxidea taxus,Mustelidae,27.9139,-101.1128,,1954-01-18
Taxidea taxus,Mustelidae,39.3812,-118.8961,,1942-10-04
Taxidea taxus,Mustelidae,38.8158,-102.5395,,1894-12-15
Taxidea taxus,Mustelidae,43.9151,-114.859,,1956-07-26
Taxidea taxus,Mustelidae,40.5722,-115.5425,,1929-03-16
Taxidea taxus,Mustelidae,24.7062,-99.0726,,1961-08-24
Taxidea taxus,Mustelidae,37.1702,-100.5009,,1955-04-05
Taxidea taxus,Mustelidae,39.7126,-103.1419,,1957-08-11
Taxidea taxus,Mustelidae,39.2041,-117.8781,,1942-12-13
Taxidea taxus,Mustelidae,37.0139,-98.6949,,1953-09-15
Taxidea taxus,Mustelidae,38.9317,-97.121,,1967-09-24
Taxidea taxus,Mustelidae,39.3634,-101.3769,,1931-01-15
Taxidea taxus,Mustelidae,39.3634,-101.3769,,1931-12-24
Taxidea taxus,Mustelidae,42.5421,-108.0457,,1951-09-19
Taxidea taxus,Mustelidae,38.3125,-96.5415,,1952-07-18
Taxidea taxus,Mustelidae,39.7023,-100.528,,1947-07-05
Taxidea taxus,Mustelidae,37.5668,-100.443,,1950-12-02
Taxidea taxus,Mustelidae,42.4791,-100.541,,1958-02-15
Taxidea taxus,Mustelidae,43.8137,-110.4828,,1949-07-16
Taxidea taxus,Mustelidae,36.6385,-101.5643,,1951-06-14
Taxidea taxus,Mustelidae,38.9267,-101.9004,,1966-06-27
Taxidea taxus,Mustelidae,43.6752,-108.3316,,1954-08-21
Taxidea taxus,Mustelidae,41.3117,-105.6727,,1948-11-15
Taxidea taxus,Mustelidae,37.3856,-100.1955,,1958-11-13
Taxidea taxus,Mustelidae,39.0297,-95.4394,,1956-06-28
Taxidea taxus,Mustelidae,39.4291,-118.9153,,1942-10-11
Taxidea taxus,Mustelidae,39.36,-99.4302,,1923-07-07
Taxidea taxus,Mustelidae,30.9817,-109.5372,,1931-12-04
Taxidea taxus,Mustelidae,37.6326,-98.6983,,1987-08-20
Taxidea taxus,Mustelidae,45.5453,-102.992,,1961-07-01
Taxidea taxus,Mustelidae,42.8272,-89.0657,,1966-05-14
Taxidea taxus,Mustelidae,39.9334,-118.3137,,1945-06-20
Taxidea taxus,Mustelidae,38.8259,-95.1464,,1991-10-12
Taxidea taxus,Mustelidae,44.0583,-92.0588,,1992-01-09
Taxidea taxus,Mustelidae,38.2121,-98.556,488.0,2017-10-13
Taxidea taxus,Mustelidae,33.3264,-99.1995,16511.0,2017-08-19
Taxidea taxus,Mustelidae,33.4231,-108.432,20.0,2012-05-16
Taxidea taxus,Mustelidae,35.551,-105.1667,197.0,2017-12-30
Taxidea taxus,Mustelidae,33.221,-116.605,60.0,2017-04-27
Taxidea taxus,Mustelidae,29.1637,-100.5182,5.0,2017-10-09
Taxidea taxus,Mustelidae,49.3943,-109.389,26550.0,2009-06-24
Taxidea taxus,Mustelidae,33.1821,-102.5135,66042.0,2017-05-14
Taxidea taxus,Mustelidae,35.2708,-114.8488,193.0,2014-03-17
Taxidea taxus,Mustelidae,27.0591,-97.5861,7813.0,2004-09-07
Taxidea taxus,Mustelidae,36.8813,-105.1044,5.0,2014-07-09
Taxidea taxus,Mustelidae,24.7077,-100.7672,30047.0,2018-07-25
Taxidea taxus,Mustelidae,38.0441,-122.7489,223.0,2018-07-28
Taxidea taxus,Mustelidae,31.9285,-110.9865,8.0,2016-02-03
Taxidea taxus,Mustelidae,33.6976,-109.21,20.0,2000-07-13
Taxidea taxus,Mustelidae,40.713,-104.0923,61.0,2017-07-30
Taxidea taxus,Mustelidae,23.7199,-101.8806,30154.0,2015-10-05
Taxidea taxus,Mustelidae,31.911,-100.2857,5.0,2017-09-20
Taxidea taxus,Mustelidae,49.5798,-115.8622,26518.0,2016-06-20
Taxidea taxus,Mustelidae,38.9707,-109.3126,122.0,2016-09-12
Taxidea taxus,Mustelidae,49.7522,-114.9013,26470.0,2017-06-01
Taxidea taxus,Mustelidae,44.9117,-110.2787,4224.0,2016-12-29
Taxidea taxus,Mustelidae,33.0155,-116.154,29012.0,2017-12-13
Taxidea taxus,Mustelidae,33.1416,-116.0009,29012.0,2008-07-12
Taxidea taxus,Mustelidae,39.2444,-109.0211,,2013-07-12
Taxidea taxus,Mustelidae,33.3692,-116.4198,10.0,2018-04-27
Taxidea taxus,Mustelidae,29.3279,-103.5543,100.0,2009-09-11
Taxidea taxus,Mustelidae,49.7209,-105.8068,26486.0,2016-08-09
Taxidea taxus,Mustelidae,38.0373,-122.8232,5.0,2018-06-18
Taxidea taxus,Mustelidae,44.9084,-110.3014,14709.0,2013-08-12
Taxidea taxus,Mustelidae,23.6519,-110.2904,30154.0,2013-05-06
Taxidea taxus,Mustelidae,32.1641,-104.3852,,2018-03-25
Taxidea taxus,Mustelidae,43.8045,-102.1353,52.0,2014-08-01
Taxidea taxus,Mustelidae,40.6971,-116.5096,,2017-07-02
Taxidea taxus,Mustelidae,32.4362,-111.3367,5.0,2015-10-08
Taxidea taxus,Mustelidae,37.1711,-120.8022,122.0,2009-11-26
Taxidea taxus,Mustelidae,34.8213,-117.9121,322.0,2015-06-02
Taxidea taxus,Mustelidae,49.0881,-111.9983,,2017-06-30
Taxidea taxus,Mustelidae,33.0361,-116.1232,29012.0,2017-12-13
Taxidea taxus,Mustelidae,41.182,-105.7182,1000.0,2012-10-01
Taxidea taxus,Mustelidae,29.1389,-103.5272,50.0,2011-11-12
Taxidea taxus,Mustelidae,50.7305,-101.7632,26325.0,2009-07-03
Taxidea taxus,Mustelidae,33.1751,-116.1002,30.0,2008-07-09
Taxidea taxus,Mustelidae,25.6341,-108.5902,29936.0,2017-10-17
Taxidea taxus,Mustelidae,29.2402,-100.0971,5.0,2017-06-29
Taxidea taxus,Mustelidae,50.0819,-103.5287,26421.0,2017-10-13
Taxidea taxus,Mustelidae,43.8554,-102.3397,26078.0,2014-07-12
Taxidea taxus,Mustelidae,30.8309,-101.7341,17.0,2017-08-27
Taxidea taxus,Mustelidae,33.1751,-116.1002,30.0,2008-08-08
Taxidea taxus,Mustelidae,38.6037,-113.4912,28210.0,2015-04-15
Taxidea taxus,Mustelidae,47.3859,-91.2061,31.0,2018-04-26
Taxidea taxus,Mustelidae,31.5484,-110.1366,20.0,1999-06-07
Taxidea taxus,Mustelidae,36.8793,-121.3007,28476.0,2016-01-25
Taxidea taxus,Mustelidae,38.3953,-123.0432,28270.0,2015-10-25
Taxidea taxus,Mustelidae,29.0487,-103.1111,1896.0,2018-03-14
Taxidea taxus,Mustelidae,42.2925,-84.1686,188.0,1991-06-10
Taxidea taxus,Mustelidae,42.2111,-84.1211,1165.0,1997-11-02
Taxidea taxus,Mustelidae,43.2275,-84.865,1164.0,1997-12-08
Taxidea taxus,Mustelidae,45.0177,-85.3634,1164.0,1993-10-23
Taxidea taxus,Mustelidae,41.8455,-85.6528,1165.0,1997-01-19
Taxidea taxus,Mustelidae,35.518,-107.661,3219.0,1939-06-11
Taxidea taxus,Mustelidae,42.413,-84.1309,626.0,1989-08-26
Taxidea taxus,Mustelidae,42.8233,-99.8842,9572.0,1933-08-20
Taxidea taxus,Mustelidae,42.2001,-83.7332,188.0,1989-04-06
Taxidea taxus,Mustelidae,42.3132,-83.7832,12036.0,1934-06-01
Taxidea taxus,Mustelidae,43.8783,-85.1368,1202.0,1994-11-12
Taxidea taxus,Mustelidae,37.8086,-95.9374,3187.0,1969-04-30
Taxidea taxus,Mustelidae,35.3156,-108.2197,3219.0,1959-07-01
Taxidea taxus,Mustelidae,43.2426,-85.2222,1164.0,1997-11-04
Taxidea taxus,Mustelidae,46.4827,-88.8901,3244.0,1922-08-11
Taxidea taxus,Mustelidae,44.4599,-83.7357,1164.0,1997-10-10
Taxidea taxus,Mustelidae,25.915,-97.488,,1926-04-27
Taxidea taxus,Mustelidae,42.3383,-83.8884,993.0,1927-05-14
Taxidea taxus,Mustelidae,45.6502,-84.444,1164.0,1997-10-30
Taxidea taxus,Mustelidae,30.421,-103.91,,1937-04-14
Taxidea taxus,Mustelidae,43.9669,-84.5355,1164.0,1997-10-25
Taxidea taxus,Mustelidae,42.3181,-84.0204,832.0,1912-01-10
Taxidea taxus,Mustelidae,44.2038,-84.5492,6854.0,1993-10-31
Taxidea taxus,Mustelidae,40.9142,-109.6483,3232.0,1929-08-19
Taxidea taxus,Mustelidae,35.5323,-117.8887,8127.0,1972-11-06
Taxidea taxus,Mustelidae,34.8128,-119.1451,4109.0,1933-06-03
Taxidea taxus,Mustelidae,35.8367,-110.3813,7820.0,1946-12-03
Taxidea taxus,Mustelidae,47.6061,-122.3317,20130.0,1938-07-11
Taxidea taxus,Mustelidae,34.6,-120.4167,,1989-04-28
Taxidea taxus,Mustelidae,35.727,-118.1048,3219.0,1972-07-12
Taxidea taxus,Mustelidae,33.477,-102.044,,1990-08-14
Taxidea taxus,Mustelidae,34.015,-100.892,,1968-07-27
Taxidea taxus,Mustelidae,31.188,-102.309,,1987-10-22
Taxidea taxus,Mustelidae,33.1816,-101.7934,4056.0,1996-11-23
Taxidea taxus,Mustelidae,49.38,-115.3,,2001-06-13
Taxidea taxus,Mustelidae,49.2333,-109.85,,1928-03-02
Taxidea taxus,Mustelidae,24.914,-103.6961,5730.0,1974-07-04
Taxidea taxus,Mustelidae,24.8348,-100.674,,2009-03-25
Taxidea taxus,Mustelidae,41.3114,-105.5906,25595.0,1974-12-03
Taxidea taxus,Mustelidae,43.202,-103.8564,1164.0,1947-12-15
Taxidea taxus,Mustelidae,24.8352,-100.6767,,2008-12-13
Taxidea taxus,Mustelidae,38.8411,-97.6092,81310.0,1981-08-12
Taxidea taxus,Mustelidae,21.8415,-101.1882,,1950-02-01
Taxidea taxus,Mustelidae,42.4632,-98.7623,,2010-11-17
Taxidea taxus,Mustelidae,36.0385,-120.4257,5208.0,1931-01-27
Taxidea taxus,Mustelidae,32.7586,-110.9258,,1962-01-01
Taxidea taxus,Mustelidae,39.7907,-103.7319,3036.0,1915-11-17
Taxidea taxus,Mustelidae,28.7962,-110.9667,,1974-01-18
Taxidea taxus,Mustelidae,33.0924,-110.9258,,1958-01-05
Taxidea taxus,Mustelidae,32.9578,-105.7039,990.0,1967-07-04
Taxidea taxus,Mustelidae,26.6903,-103.7639,,1994-06-18
Taxidea taxus,Mustelidae,37.7667,-118.0833,,1922-09-23
Taxidea taxus,Mustelidae,31.6555,-100.7777,,1999-05-03
Taxidea taxus,Mustelidae,42.7846,-85.1381,1164.0,1950-06-19
Taxidea taxus,Mustelidae,49.0333,-119.2,,1979-06-26
Taxidea taxus,Mustelidae,24.8376,-100.6936,,2008-08-14
Taxidea taxus,Mustelidae,30.6622,-100.4506,,1991-03-25
Taxidea taxus,Mustelidae,24.5333,-104.6667,,2000-09-26
Taxidea taxus,Mustelidae,26.7089,-108.3262,4090.0,1962-05-29
Taxidea taxus,Mustelidae,31.6276,-100.6717,,2011-12-14
Taxidea taxus,Mustelidae,39.0694,-100.2319,,1978-01-20
Taxidea taxus,Mustelidae,36.4167,-115.8,,1928-07-31
Taxidea taxus,Mustelidae,33.7333,-116.4,,1927-12-14
Taxidea taxus,Mustelidae,24.3094,-110.2964,,2000-04-10
Taxidea taxus,Mustelidae,42.833,-108.6707,6920.0,1964-03-08
Taxidea taxus,Mustelidae,35.8111,-118.843,1609.0,1895-07-01
Taxidea taxus,Mustelidae,27.9183,-110.8989,9360.0,1966-12-01
Taxidea taxus,Mustelidae,41.6667,-105.7,14542.0,1982-10-15
Taxidea taxus,Mustelidae,28.6269,-114.1253,,1999-08-14
Taxidea taxus,Mustelidae,41.3114,-105.5906,25595.0,1974-01-07
Taxidea taxus,Mustelidae,31.6573,-106.2712,1271.0,1985-03-10
Taxidea taxus,Mustelidae,42.4632,-98.7623,,2010-12-15
Taxidea taxus,Mustelidae,24.6417,-103.6967,,1960-01-01
Taxidea taxus,Mustelidae,0.0019,0.0015,,1926-11-24
Taxidea taxus,Mustelidae,37.6605,-98.6801,,2007-08-27
Taxidea taxus,Mustelidae,31.9973,-110.952,,1973-06-20
Taxidea taxus,Mustelidae,48.4633,-116.542,24952.0,1953-04-27
Taxidea taxus,Mustelidae,31.9,-106.49,3434.0,1980-04-27
Taxidea taxus,Mustelidae,30.678,-108.2562,,2000-07-13
Taxidea taxus,Mustelidae,24.8554,-100.6985,,2009-08-27
Taxidea taxus,Mustelidae,30.791,-116.032,,1973-12-01
Taxidea taxus,Mustelidae,41.3114,-105.5906,25595.0,1974-01-29
Taxidea taxus,Mustelidae,24.8708,-111.0553,,2002-02-26
Taxidea taxus,Mustelidae,40.0374,-107.913,5000.0,1953-07-01
Taxidea taxus,Mustelidae,37.7555,-122.5054,27.0,1947-09-23
Taxidea taxus,Mustelidae,45.0314,-85.3431,1164.0,1990-11-18
Taxidea taxus,Mustelidae,43.1122,-101.5375,,1977-07-07
Taxidea taxus,Mustelidae,23.4333,-109.8667,,1974-01-01
Taxidea taxus,Mustelidae,49.0333,-115.2,,1930-05-27
Taxidea taxus,Mustelidae,37.4534,-122.1844,3642.0,1894-07-08
Taxidea taxus,Mustelidae,24.8411,-100.6722,,2008-09-22
Taxidea taxus,Mustelidae,46.2675,-86.8956,187.0,1962-06-04
Taxidea taxus,Mustelidae,24.8438,-100.6774,,2009-03-25
Taxidea taxus,Mustelidae,19.5457,-96.9286,,1865-08-02
Taxidea taxus,Mustelidae,31.9032,-116.4512,,1999-06-05
Taxidea taxus,Mustelidae,24.5883,-103.6967,,1967-09-28
Taxidea taxus,Mustelidae,46.2675,-86.8956,187.0,1962-06-04
Taxidea taxus,Mustelidae,26.4743,-108.6814,,1964-11-26
Taxidea taxus,Mustelidae,42.5486,-73.6714,62.0,1966-06-13
Taxidea taxus,Mustelidae,41.4775,-105.6361,30036.0,1973-12-18
Taxidea taxus,Mustelidae,42.0936,-85.2452,1165.0,1990-12-11
Taxidea taxus,Mustelidae,39.552,-104.7765,750.0,1993-10-23
Taxidea taxus,Mustelidae,34.3919,-119.5203,,1963-05-01
Taxidea taxus,Mustelidae,41.3114,-105.5906,25595.0,1950-10-05
Taxidea taxus,Mustelidae,42.7917,-110.9358,1846.0,1956-06-13
Taxidea taxus,Mustelidae,42.3211,-84.4591,,1981-06-02
Taxidea taxus,Mustelidae,33.625,-111.1917,,1952-03-31
Taxidea taxus,Mustelidae,41.3114,-105.5906,25595.0,1973-12-20
Taxidea taxus,Mustelidae,43.597,-84.7952,,1980-08-29
Taxidea taxus,Mustelidae,31.701,-106.2422,287.0,1982-07-20
Taxidea taxus,Mustelidae,34.4194,-119.6631,,1976-01-15
Taxidea taxus,Mustelidae,45.6303,-117.2124,5805.0,1977-07-21
Taxidea taxus,Mustelidae,23.1793,-109.6883,,1896-08-01
Taxidea taxus,Mustelidae,22.6176,-102.0889,7270.0,1977-07-19
Taxidea taxus,Mustelidae,24.6825,-100.2403,,1978-05-04
Taxidea taxus,Mustelidae,45.2435,-85.3752,1202.0,1990-11-07
Taxidea taxus,Mustelidae,28.7658,-113.5594,,1974-03-08
Taxidea taxus,Mustelidae,41.9478,-86.0583,1165.0,1990-01-01
Taxidea taxus,Mustelidae,25.0888,-100.7801,,2009-05-18
Taxidea taxus,Mustelidae,35.852,-119.8298,143186.0,1999-10-28
Taxidea taxus,Mustelidae,23.1793,-109.6883,,1896-06-16
Taxidea taxus,Mustelidae,0.0019,0.0015,,1952-03-07
Taxidea taxus,Mustelidae,26.7045,-103.7579,,1996-10-19
Taxidea taxus,Mustelidae,30.4767,-116.012,,1999-11-17
Taxidea taxus,Mustelidae,25.7033,-99.2625,,1978-04-08
Taxidea taxus,Mustelidae,38.7101,-118.0412,48306.07,1925-10-15
Taxidea taxus,Mustelidae,36.463,-116.8782,1207.01,1917-04-12
Taxidea taxus,Mustelidae,40.4393,-122.6617,12.0,2007-11-20
Taxidea taxus,Mustelidae,35.4652,-114.6712,19168.9,1934-01-18
Taxidea taxus,Mustelidae,39.1007,-114.5603,6463.13,1929-07-15
Taxidea taxus,Mustelidae,39.5126,-115.9604,3244.44,1916-09-14
Taxidea taxus,Mustelidae,36.5477,-117.4888,250.0,1917-06-28
Taxidea taxus,Mustelidae,35.4452,-120.3736,5825.83,1947-03-13
Taxidea taxus,Mustelidae,35.9775,-120.9011,30.0,2007-05-28
Taxidea taxus,Mustelidae,32.3371,-114.0513,2354.47,1934-01-12
Taxidea taxus,Mustelidae,42.2481,-113.5612,14.48,1937-07-01
Taxidea taxus,Mustelidae,39.4734,-118.8519,26446.35,1940-10-15
Taxidea taxus,Mustelidae,44.1396,-112.8827,2240.21,1935-06-28
Taxidea taxus,Mustelidae,41.4362,-120.3451,3469.75,1910-06-25
Taxidea taxus,Mustelidae,36.7534,-114.1589,100.0,2018-04-13
Taxidea taxus,Mustelidae,33.6002,-106.8101,3218.69,1932-09-12
Taxidea taxus,Mustelidae,35.5896,-120.3074,2414.02,1947-03-24
Taxidea taxus,Mustelidae,41.6732,-120.2162,3511.59,1916-09-10
Taxidea taxus,Mustelidae,44.6634,-120.9519,13450.9,1929-11-06
Taxidea taxus,Mustelidae,40.6551,-121.3223,,2002-05-13
Taxidea taxus,Mustelidae,35.4815,-120.3732,4828.03,1947-02-26
Taxidea taxus,Mustelidae,38.6931,-121.9099,50417.0,1954-10-27
Taxidea taxus,Mustelidae,39.4734,-118.9454,30199.34,1940-12-10
Taxidea taxus,Mustelidae,35.4499,-120.1527,7644.38,1947-04-22
Taxidea taxus,Mustelidae,32.7923,-115.6061,30.0,1911-04-05
Taxidea taxus,Mustelidae,38.1009,-122.9119,5283.48,1913-05-31
Taxidea taxus,Mustelidae,32.2728,-113.6394,16107.92,1937-01-28
Taxidea taxus,Mustelidae,30.8834,-115.4505,7440.0,1949-07-04
Taxidea taxus,Mustelidae,33.1714,-115.5703,6720.62,1937-05-10
Taxidea taxus,Mustelidae,38.2175,-122.9738,3183.28,1960-12-10
Taxidea taxus,Mustelidae,37.7999,-117.8423,428.09,1928-06-20
Taxidea taxus,Mustelidae,37.5575,-122.4219,8046.72,1933-10-07
Taxidea taxus,Mustelidae,39.2868,-112.7271,6839.71,1937-11-30
Taxidea taxus,Mustelidae,39.3209,-118.7035,6463.13,1940-01-17
Taxidea taxus,Mustelidae,32.1396,-106.6566,,1962-07-22
Taxidea taxus,Mustelidae,36.6583,-101.5206,,1953-08-25
Taxidea taxus,Mustelidae,37.7762,-96.0801,,1933-04-27
Taxidea taxus,Mustelidae,39.4402,-118.8808,,1941-01-25
Taxidea taxus,Mustelidae,35.8589,-108.7614,,1928-07-24
Taxidea taxus,Mustelidae,42.4199,-103.735,,1922-07-24
Taxidea taxus,Mustelidae,39.3634,-101.3769,,1931-12-24
Taxidea taxus,Mustelidae,39.5349,-118.8565,,1941-01-13
Taxidea taxus,Mustelidae,43.3727,-83.3527,,2003-01-01
Taxidea taxus,Mustelidae,42.5471,-100.8167,,1956-02-04
Taxidea taxus,Mustelidae,36.027,-100.142,,1956-07-26
Taxidea taxus,Mustelidae,46.0369,-88.6261,,2001-11-05
Taxidea taxus,Mustelidae,39.1547,-95.1541,,1947-11-30
Taxidea taxus,Mustelidae,38.1549,-95.2762,,1954-05-14
Taxidea taxus,Mustelidae,37.2162,-97.1687,,1971-04-09
Taxidea taxus,Mustelidae,41.378,-102.2044,,1959-07-14
Taxidea taxus,Mustelidae,38.4972,-94.9504,,1991-03-03
Taxidea taxus,Mustelidae,42.3678,-107.8527,,1951-09-19
Taxidea taxus,Mustelidae,44.7616,-109.4005,,1950-06-17
Taxidea taxus,Mustelidae,39.3634,-101.3769,,1931-01-15
Taxidea taxus,Mustelidae,48.9446,-98.9978,,1939-03-10
Taxidea taxus,Mustelidae,44.1116,-101.9063,,1970-07-02
Taxidea taxus,Mustelidae,32.3283,-104.3375,,1958-06-12
Taxidea taxus,Mustelidae,39.4235,-118.9326,,1943-10-04
Taxidea taxus,Mustelidae,39.3963,-97.9456,,1959-07-15
Taxidea taxus,Mustelidae,37.7164,-96.0537,,1941-12-04
Taxidea taxus,Mustelidae,39.4511,-102.2694,,1961-06-05
Taxidea taxus,Mustelidae,41.5437,-96.1412,,1957-07-01
Taxidea taxus,Mustelidae,44.4211,-89.7175,,1982-10-13
Taxidea taxus,Mustelidae,44.7616,-109.4005,,1950-06-17
Taxidea taxus,Mustelidae,39.4734,-118.9828,,1940-11-17
Taxidea taxus,Mustelidae,45.5001,-117.1678,,1987-07-01
Taxidea taxus,Mustelidae,41.2012,-94.6424,,1959-12-26
Taxidea taxus,Mustelidae,36.8288,-101.868,,1932-08-01
Taxidea taxus,Mustelidae,33.1192,-117.0862,,1929-08-20
Taxidea taxus,Mustelidae,39.3914,-118.8829,,1942-10-19
Taxidea taxus,Mustelidae,51.05,-114.0833,,1901-03-01
Taxidea taxus,Mustelidae,40.5837,-98.3922,,1935-05-03
Taxidea taxus,Mustelidae,44.5167,-88.0129,,1993-08-12
Taxidea taxus,Mustelidae,36.805,-98.5582,,1899-05-10
Taxidea taxus,Mustelidae,36.3311,-116.5756,18.0,2017-05-25
Taxidea taxus,Mustelidae,43.7671,-103.6917,3906.0,2017-09-11
Taxidea taxus,Mustelidae,41.4403,-111.1644,437.0,2011-06-21
Taxidea taxus,Mustelidae,40.9517,-111.2013,,2015-06-16
Taxidea taxus,Mustelidae,47.3859,-91.2062,8.0,2018-04-25
Taxidea taxus,Mustelidae,41.5209,-106.0658,977.0,2016-10-14
Taxidea taxus,Mustelidae,35.4349,-119.8434,28677.0,2018-08-08
Taxidea taxus,Mustelidae,40.3684,-124.3625,811.0,2018-01-24
Taxidea taxus,Mustelidae,49.632,-114.5544,244.0,2005-06-21
Taxidea taxus,Mustelidae,40.6689,-106.325,1000.0,2018-08-19
Taxidea taxus,Mustelidae,38.0795,-122.9571,,2016-04-03
Taxidea taxus,Mustelidae,48.2397,-100.7111,,2015-06-15
Taxidea taxus,Mustelidae,32.437,-104.5354,,2016-12-02
Taxidea taxus,Mustelidae,44.8685,-110.1746,,2016-07-24
Taxidea taxus,Mustelidae,33.0515,-100.5157,8.0,2017-08-07
Taxidea taxus,Mustelidae,31.7297,-110.1881,23.0,2015-05-20
Taxidea taxus,Mustelidae,38.2797,-123.1512,28270.0,2015-12-04
Taxidea taxus,Mustelidae,36.7428,-121.3326,28505.0,2018-03-26
Taxidea taxus,Mustelidae,28.5685,-98.6722,29607.0,2013-05-18
Taxidea taxus,Mustelidae,30.264,-102.6557,5.0,2015-06-12
Taxidea taxus,Mustelidae,40.5672,-111.6314,53.0,2016-07-15
Taxidea taxus,Mustelidae,41.8685,-121.9103,2.0,2017-10-29
Taxidea taxus,Mustelidae,31.3942,-109.7305,29252.0,2016-05-22
Taxidea taxus,Mustelidae,31.9385,-102.6676,,2016-05-30
Taxidea taxus,Mustelidae,35.1281,-119.774,5.0,2018-06-03
Taxidea taxus,Mustelidae,36.669,-121.7686,121.0,2017-04-13
Taxidea taxus,Mustelidae,26.1737,-111.4747,29891.0,2015-07-14
Taxidea taxus,Mustelidae,31.1165,-109.9682,29278.0,2016-09-24
Taxidea taxus,Mustelidae,33.1764,-116.0083,29012.0,2017-12-13
Taxidea taxus,Mustelidae,41.3538,-88.8642,61.0,2017-05-22
Taxidea taxus,Mustelidae,36.5847,-104.598,213.0,2013-06-06
Taxidea taxus,Mustelidae,33.0916,-116.1115,29012.0,2017-12-13
Taxidea taxus,Mustelidae,48.0691,-101.7294,8256.0,2017-05-22
Taxidea taxus,Mustelidae,29.5149,-96.6129,3447.0,2017-11-26
Taxidea taxus,Mustelidae,50.3268,-107.0196,26389.0,2016-10-14
Taxidea taxus,Mustelidae,33.2589,-116.666,55.0,2013-06-30
Taxidea taxus,Mustelidae,38.0178,-122.9913,6096.0,2016-11-27
Taxidea taxus,Mustelidae,33.1667,-116.1018,61.0,2015-09-23
Taxidea taxus,Mustelidae,33.9307,-112.6914,10.0,2017-10-25
Taxidea taxus,Mustelidae,41.6482,-88.5926,16.0,2015-05-01
Taxidea taxus,Mustelidae,36.2817,-120.939,15.0,2013-09-09
Taxidea taxus,Mustelidae,42.9067,-117.2402,,2017-09-16
Taxidea taxus,Mustelidae,44.3095,-119.4993,,2017-06-26
Taxidea taxus,Mustelidae,44.869,-110.1667,2989.0,2014-06-25
Taxidea taxus,Mustelidae,49.0652,-107.7146,26582.0,2012-04-22
Taxidea taxus,Mustelidae,36.6212,-121.3034,28505.0,2016-02-13
Taxidea taxus,Mustelidae,30.881,-103.0688,10.0,2013-07-25
Taxidea taxus,Mustelidae,30.0467,-102.1193,2.0,2017-05-18
Taxidea taxus,Mustelidae,36.5386,-121.163,7171.0,2017-06-16
Taxidea taxus,Mustelidae,51.0045,-114.2522,26261.0,2018-07-30
Taxidea taxus,Mustelidae,46.9599,-120.1401,445.0,2017-05-12
Taxidea taxus,Mustelidae,31.384,-109.2623,29252.0,2018-08-26
Taxidea taxus,Mustelidae,47.3854,-91.2067,5.0,2018-04-22
Taxidea taxus,Mustelidae,29.488,-114.2316,31250.0,2016-07-15
Taxidea taxus,Mustelidae,38.3428,-119.4432,500.0,2016-11-01
Taxidea taxus,Mustelidae,37.0291,-121.0647,191.0,2018-05-31
Taxidea taxus,Mustelidae,33.1756,-116.0999,30.0,2009-08-04
Taxidea taxus,Mustelidae,32.6,-108.0882,50.0,2015-08-31
Taxidea taxus,Mustelidae,36.7518,-121.159,32.0,2017-03-18
Taxidea taxus,Mustelidae,32.7111,-116.5218,30.0,2018-08-13
Taxidea taxus,Mustelidae,33.1751,-116.1002,30.0,2008-07-08
Taxidea taxus,Mustelidae,33.7703,-111.9553,28916.0,2016-05-28
Taxidea taxus,Mustelidae,36.6156,-121.2013,132084.0,2017-06-07
Taxidea taxus,Mustelidae,31.1658,-108.2365,29278.0,2017-04-04
Taxidea taxus,Mustelidae,49.3246,-107.4797,26550.0,2012-09-05
Taxidea taxus,Mustelidae,46.9114,-98.7089,3232.0,1955-11-01
Taxidea taxus,Mustelidae,44.118,-85.743,6854.0,1995-10-25
Taxidea taxus,Mustelidae,42.3383,-83.8884,832.0,1954-12-14
Taxidea taxus,Mustelidae,44.2841,-83.8528,1164.0,1997-10-20
Taxidea taxus,Mustelidae,42.1817,-83.9692,11293.0,1976-01-11
Taxidea taxus,Mustelidae,31.8847,-109.1412,3555.0,1932-08-17
Taxidea taxus,Mustelidae,42.1233,-84.8166,1165.0,1993-10-30
Taxidea taxus,Mustelidae,45.1502,-84.7787,415.0,1923-06-28
Taxidea taxus,Mustelidae,45.8222,-87.3875,187.0,1922-10-30
Taxidea taxus,Mustelidae,43.9662,-84.4759,1164.0,1992-10-19
Taxidea taxus,Mustelidae,44.8239,-85.4241,1164.0,1997-10-23
Taxidea taxus,Mustelidae,42.3564,-84.6492,1165.0,1993-11-13
Taxidea taxus,Mustelidae,41.846,-85.5745,1165.0,1997-01-31
Taxidea taxus,Mustelidae,42.1684,-83.7023,5760.0,1945-03-29
Taxidea taxus,Mustelidae,42.3957,-85.3862,563.0,1944-11-01
Taxidea taxus,Mustelidae,42.0808,-84.3729,1165.0,1993-11-03
Taxidea taxus,Mustelidae,42.2544,-83.8171,1637.0,1991-09-08
Taxidea taxus,Mustelidae,41.008,-109.6474,2514.0,1929-07-11
Taxidea taxus,Mustelidae,42.0798,-85.1091,1165.0,1996-11-01
Taxidea taxus,Mustelidae,42.2143,-83.7188,6856.0,1928-01-19
Taxidea taxus,Mustelidae,42.021,-85.3417,1165.0,1995-11-16
Taxidea taxus,Mustelidae,24.6151,-101.2618,15480.0,1970-07-26
Taxidea taxus,Mustelidae,33.0314,-111.3872,5245.0,1946-07-12
Taxidea taxus,Mustelidae,35.3223,-117.9418,805.0,1969-03-24
Taxidea taxus,Mustelidae,34.7349,-118.4248,1219.0,1933-02-09
Taxidea taxus,Mustelidae,35.1894,-113.8937,16956.0,1935-10-14
Taxidea taxus,Mustelidae,34.2587,-117.1847,5646.0,1927-07-05
Taxidea taxus,Mustelidae,35.3545,-117.7497,1609.0,1969-05-01
Taxidea taxus,Mustelidae,35.2749,-117.934,8127.0,1972-11-10
Taxidea taxus,Mustelidae,35.3499,-118.2107,3219.0,1970-10-01
Taxidea taxus,Mustelidae,24.6151,-101.2618,15480.0,1970-07-26
Taxidea taxus,Mustelidae,23.1815,-102.4752,1636.0,1970-07-23
Taxidea taxus,Mustelidae,35.153,-97.4777,500.0,2006-10-22
Taxidea taxus,Mustelidae,32.3164,-102.0784,31255.0,1985-11-15
Taxidea taxus,Mustelidae,32.41,-101.486,,1963-10-12
Taxidea taxus,Mustelidae,33.576,-101.853,,1984-10-02
Taxidea taxus,Mustelidae,51.5333,-112.6833,,1922-07-01
Taxidea taxus,Mustelidae,41.5833,-109.2167,,1949-07-15
Taxidea taxus,Mustelidae,42.393,-81.8429,2.06,1961-05-09
Taxidea taxus,Mustelidae,32.626,-108.343,5200.0,1966-05-27
Taxidea taxus,Mustelidae,34.4717,-120.1886,,2007-08-01
Taxidea taxus,Mustelidae,49.0333,-115.2,,1930-05-24
Taxidea taxus,Mustelidae,39.7907,-103.7319,3036.0,1916-02-22
Taxidea taxus,Mustelidae,41.3114,-105.5906,25595.0,1973-04-11
Taxidea taxus,Mustelidae,28.7108,-114.272,,1999-08-14
Taxidea taxus,Mustelidae,53.6575,-114.1983,1140.0,1995-07-13
Taxidea taxus,Mustelidae,26.5678,-97.7828,,1981-06-05
Taxidea taxus,Mustelidae,32.8333,-114.5,,1917-01-12
Taxidea taxus,Mustelidae,41.3114,-105.5906,25595.0,1973-12-20
Taxidea taxus,Mustelidae,32.1209,-110.6077,,1968-06-18
Taxidea taxus,Mustelidae,39.7907,-103.7319,3036.0,1916-03-16
Taxidea taxus,Mustelidae,32.1319,-110.5189,,1933-03-01
Taxidea taxus,Mustelidae,31.891,-116.31,,2001-08-04
Taxidea taxus,Mustelidae,37.2792,-103.056,,1998-07-20
Taxidea taxus,Mustelidae,39.1136,-99.0115,,1976-12-03
Taxidea taxus,Mustelidae,24.84,-100.7057,,2009-10-20
Taxidea taxus,Mustelidae,40.7778,-103.6946,4505.0,1923-08-25
Taxidea taxus,Mustelidae,23.6552,-106.7469,,2010-04-06
Taxidea taxus,Mustelidae,25.0378,-111.7422,,1994-09-03
Taxidea taxus,Mustelidae,42.7767,-84.4725,1164.0,1958-04-21
Taxidea taxus,Mustelidae,24.1375,-110.4672,,2000-06-27
Taxidea taxus,Mustelidae,44.1965,-84.68,1164.0,1990-10-17
Taxidea taxus,Mustelidae,43.6764,-84.9003,,1974-02-22
Taxidea taxus,Mustelidae,38.8667,-102.0011,,1977-08-18
Taxidea taxus,Mustelidae,41.1388,-100.8247,,1870-01-01
Taxidea taxus,Mustelidae,48.2453,-114.2958,,2000-09-03
Taxidea taxus,Mustelidae,32.2667,-110.8667,,1916-01-07
Taxidea taxus,Mustelidae,45.2281,-118.5042,582.0,1958-10-24
Taxidea taxus,Mustelidae,37.5612,-122.4844,774.0,1948-05-01
Taxidea taxus,Mustelidae,37.2689,-99.2899,,1989-11-20
Taxidea taxus,Mustelidae,31.8536,-112.8569,,2006-01-01
Taxidea taxus,Mustelidae,49.0833,-112.4167,,1927-06-30
Taxidea taxus,Mustelidae,31.7528,-99.5128,,1998-08-16
Taxidea taxus,Mustelidae,41.92,-84.6304,2268.0,1976-12-01
Taxidea taxus,Mustelidae,32.4975,-111.2674,,1957-10-26
Taxidea taxus,Mustelidae,31.8699,-106.4406,386.0,1974-05-27
Taxidea taxus,Mustelidae,32.2184,-110.0166,,1975-09-22
Taxidea taxus,Mustelidae,19.3083,-99.225,,1984-12-18
Taxidea taxus,Mustelidae,39.4971,-101.3764,,1978-02-28
Taxidea taxus,Mustelidae,42.7337,-84.3929,1164.0,1956-04-21
Taxidea taxus,Mustelidae,43.4044,-84.0167,,1961-02-10
Taxidea taxus,Mustelidae,46.2667,-119.4333,,1921-09-11
Taxidea taxus,Mustelidae,26.6919,-103.7408,,2011-10-24
Taxidea taxus,Mustelidae,0.0019,0.0015,,1949-08-22
Taxidea taxus,Mustelidae,32.8,-116.9667,,1918-09-27
Taxidea taxus,Mustelidae,41.3114,-105.5906,25595.0,1973-12-07
Taxidea taxus,Mustelidae,34.2448,-112.7457,7476.0,1937-06-08
Taxidea taxus,Mustelidae,32.0014,-101.0943,,1987-09-04
Taxidea taxus,Mustelidae,49.6333,-109.4833,,1974-08-17
Taxidea taxus,Mustelidae,39.2347,-99.2978,,1976-12-15
Taxidea taxus,Mustelidae,41.3114,-105.5906,25595.0,1974-01-11
Taxidea taxus,Mustelidae,42.0055,-85.999,1202.0,1990-01-01
Taxidea taxus,Mustelidae,41.7336,-92.4841,,1974-06-16
Taxidea taxus,Mustelidae,24.8891,-100.7268,,2009-02-23
Taxidea taxus,Mustelidae,37.7234,-118.0543,2625.0,1960-07-22
Taxidea taxus,Mustelidae,41.3114,-105.5906,25595.0,1974-01-11
Taxidea taxus,Mustelidae,24.8449,-100.6795,,2009-06-16
Taxidea taxus,Mustelidae,42.4842,-85.925,1164.0,1989-11-02
Taxidea taxus,Mustelidae,44.6815,-84.1305,27385.0,1974-04-01
Taxidea taxus,Mustelidae,49.0333,-115.2,,1930-05-21
Taxidea taxus,Mustelidae,39.9472,-102.1288,2500.0,1926-12-06
Taxidea taxus,Mustelidae,26.6345,-103.7688,,1993-10-01
Taxidea taxus,Mustelidae,42.254,-120.7952,497.0,1952-11-07
Taxidea taxus,Mustelidae,42.0057,-86.1158,1202.0,1990-11-12
Taxidea taxus,Mustelidae,31.7986,-99.7908,,2008-09-21
Taxidea taxus,Mustelidae,39.97,-83.01,,1961-06-12
Taxidea taxus,Mustelidae,32.9886,-116.4486,4828.0,1923-06-22
Taxidea taxus,Mustelidae,46.8942,-88.7402,56353.0,1991-11-21
Taxidea taxus,Mustelidae,40.5178,-108.0864,3036.0,1972-09-05
Taxidea taxus,Mustelidae,33.1869,-111.319,,1967-06-17
Taxidea taxus,Mustelidae,42.8924,-84.4932,1164.0,1980-06-10
Taxidea taxus,Mustelidae,38.1956,-122.6575,500.0,2013-08-20
Taxidea taxus,Mustelidae,41.8297,-86.1572,8929.0,1965-11-01
Taxidea taxus,Mustelidae,42.8493,-84.2955,4073.0,1961-05-14
Taxidea taxus,Mustelidae,36.0362,-120.9513,,1966-12-22
Taxidea taxus,Mustelidae,32.2217,-110.9258,,1937-03-22
Taxidea taxus,Mustelidae,30.8836,-115.4503,,1949-07-04
Taxidea taxus,Mustelidae,43.0788,-89.3837,,1949-09-29
Taxidea taxus,Mustelidae,31.92,-106.039,8100.0,1962-02-18
Taxidea taxus,Mustelidae,26.4122,-108.6445,,2004-08-12
Taxidea taxus,Mustelidae,41.5919,-107.6352,969.0,1979-05-31
Taxidea taxus,Mustelidae,39.2851,-105.9135,500.0,1988-07-11
Taxidea taxus,Mustelidae,22.0342,-102.1175,,1991-09-02
Taxidea taxus,Mustelidae,32.365,-116.5646,,1972-05-06
Taxidea taxus,Mustelidae,32.7075,-110.9053,,1962-08-15
Taxidea taxus,Mustelidae,35.3011,-108.5406,,1885-01-01
Taxidea taxus,Mustelidae,39.6636,-105.8786,1000.0,1941-09-07
Taxidea taxus,Mustelidae,32.567,-106.932,23269.0,1980-07-04
Taxidea taxus,Mustelidae,42.9,-84.4236,6854.0,1968-06-25
Taxidea taxus,Mustelidae,49.0833,-112.4167,,1927-07-01
Taxidea taxus,Mustelidae,46.507,-120.8153,12885.0,1948-08-10
Taxidea taxus,Mustelidae,41.8297,-86.1572,8929.0,1965-11-01
Taxidea taxus,Mustelidae,40.14,-83.77,,1954-09-01
Taxidea taxus,Mustelidae,23.3673,-109.7748,,1931-07-01
Taxidea taxus,Mustelidae,40.5721,-115.5431,12900.5,1929-03-18
Taxidea taxus,Mustelidae,40.0074,-122.8533,5339.8,1913-08-11
Taxidea taxus,Mustelidae,37.8754,-119.3555,30.0,1915-07-30
Taxidea taxus,Mustelidae,38.1191,-122.8221,2175.83,1957-08-03
Taxidea taxus,Mustelidae,40.4542,-106.1433,500.0,1938-11-14
Taxidea taxus,Mustelidae,34.7346,-118.4246,1000.0,1904-06-21
Taxidea taxus,Mustelidae,39.2868,-112.7271,6839.71,1937-11-30
Taxidea taxus,Mustelidae,33.492,-114.9924,7242.05,1915-01-16
Taxidea taxus,Mustelidae,35.3691,-111.9383,10887.21,1931-06-16
Taxidea taxus,Mustelidae,31.639,-112.7516,10960.0,1937-01-21
Taxidea taxus,Mustelidae,36.2654,-117.1943,1000.0,1917-06-13
Taxidea taxus,Mustelidae,35.6389,-111.6599,7044.1,1932-10-12
Taxidea taxus,Mustelidae,39.2868,-112.6525,1610.95,1937-12-12
Taxidea taxus,Mustelidae,36.0634,-120.922,804.67,1959-08-02
Taxidea taxus,Mustelidae,35.4386,-120.3726,6035.04,1947-03-14
Taxidea taxus,Mustelidae,42.8712,-112.4453,8383.07,1931-01-15
Taxidea taxus,Mustelidae,37.7999,-117.8423,428.09,1928-06-21
Taxidea taxus,Mustelidae,33.3821,-114.9949,5230.37,1940-01-08
Taxidea taxus,Mustelidae,23.6023,-109.5909,,1929-08-23
Taxidea taxus,Mustelidae,34.2523,-118.3899,3218.69,1904-03-31
Taxidea taxus,Mustelidae,39.4248,-117.2268,428.09,1926-12-10
Taxidea taxus,Mustelidae,41.2304,-120.4377,1807.29,1964-06-08
Taxidea taxus,Mustelidae,35.2377,-115.4989,403.95,1937-12-16
Taxidea taxus,Mustelidae,36.3998,-121.5768,321.87,1974-05-18
Taxidea taxus,Mustelidae,41.6687,-118.5877,332.0,1909-06-16
Taxidea taxus,Mustelidae,32.9054,-114.4912,2011.68,1931-02-01
Taxidea taxus,Mustelidae,40.4146,-116.8001,428.09,1916-10-18
Taxidea taxus,Mustelidae,36.6758,-120.6112,30.0,1958-01-28
Taxidea taxus,Mustelidae,44.2588,-120.8912,6762.46,1938-06-20
Taxidea taxus,Mustelidae,32.7548,-104.3178,1609.34,1937-12-30
Taxidea taxus,Mustelidae,37.6287,-121.5229,3218.69,1959-04-29
Taxidea taxus,Mustelidae,31.4001,-115.7236,,1926-11-24
Taxidea taxus,Mustelidae,39.924,-119.4773,6377.83,1938-07-18
Taxidea taxus,Mustelidae,40.551,-120.3135,8323.53,1916-03-11
Taxidea taxus,Mustelidae,35.5758,-120.2387,4023.36,1947-01-26
Taxidea taxus,Mustelidae,42.8712,-112.4453,8383.07,1931-01-15
Taxidea taxus,Mustelidae,38.9899,-95.2575,,1961-11-04
Taxidea taxus,Mustelidae,39.4235,-118.9326,,1942-11-12
Taxidea taxus,Mustelidae,41.2236,-105.5858,,1949-10-09
Taxidea taxus,Mustelidae,38.8667,-95.3551,,1951-12-09
Taxidea taxus,Mustelidae,39.4017,-118.8697,,1942-12-20
Taxidea taxus,Mustelidae,46.9104,-111.284,,1949-07-11
Taxidea taxus,Mustelidae,39.1225,-95.242,,1960-10-19
Taxidea taxus,Mustelidae,46.2386,-86.9175,,2002-10-30
Taxidea taxus,Mustelidae,38.091,-98.4883,,1927-08-22
Taxidea taxus,Mustelidae,39.6688,-118.468,,1941-09-03
Taxidea taxus,Mustelidae,39.5067,-118.8808,,1941-02-03
Taxidea taxus,Mustelidae,39.3634,-101.3769,,1931-12-24
Taxidea taxus,Mustelidae,41.7621,-106.8447,,1953-10-01
Taxidea taxus,Mustelidae,38.9717,-95.1794,,1961-12-04
Taxidea taxus,Mustelidae,42.8293,-102.9998,,1957-05-05
Taxidea taxus,Mustelidae,34.4481,-114.3933,,1926-12-23
Taxidea taxus,Mustelidae,44.7503,-101.1519,,1961-03-30
Taxidea taxus,Mustelidae,39.4291,-118.9153,,1942-10-11
Taxidea taxus,Mustelidae,39.3634,-101.3769,,1931-01-15
Taxidea taxus,Mustelidae,41.3106,-105.8933,,1947-10-09
Taxidea taxus,Mustelidae,43.0656,-96.779,,1992-01-06
Taxidea taxus,Mustelidae,29.1879,-102.9365,,1952-03-07
Taxidea taxus,Mustelidae,45.5645,-100.3,,1965-07-08
Taxidea taxus,Mustelidae,39.4346,-118.8981,,1942-10-02
Taxidea taxus,Mustelidae,39.4017,-118.8697,,1942-12-13
Taxidea taxus,Mustelidae,39.3229,-118.5335,,1943-09-20
Taxidea taxus,Mustelidae,39.4402,-118.8808,,1940-11-07
Taxidea taxus,Mustelidae,42.7319,-105.0882,,1951-07-17
Taxidea taxus,Mustelidae,38.1837,-100.7997,,1956-01-27
Taxidea taxus,Mustelidae,47.6793,-97.9899,,1946-11-15
Taxidea taxus,Mustelidae,39.3634,-101.3769,,1931-01-15
Taxidea taxus,Mustelidae,39.0633,-101.2442,,1894-02-21
Taxidea taxus,Mustelidae,45.4345,-104.0365,,1970-07-08
Taxidea taxus,Mustelidae,43.2869,-89.724,,1943-12-17
Taxidea taxus,Mustelidae,41.4907,-83.8878,,1947-05-05
Taxidea taxus,Mustelidae,33.6422,-103.2876,,1973-06-01
Taxidea taxus,Mustelidae,46.8275,-100.8896,,1942-11-01
Taxidea taxus,Mustelidae,31.6292,-106.9775,29199.0,2017-06-21
Taxidea taxus,Mustelidae,40.4372,-109.3033,15.0,2014-08-31
Taxidea taxus,Mustelidae,41.8519,-110.7794,,2017-08-25
Taxidea taxus,Mustelidae,39.2588,-103.2944,,2018-04-16
Taxidea taxus,Mustelidae,37.442,-118.572,5.0,2018-07-30
Taxidea taxus,Mustelidae,24.9962,-100.7475,30025.0,2018-06-22
Taxidea taxus,Mustelidae,40.7528,-104.0033,10000.0,2007-06-05
Taxidea taxus,Mustelidae,44.0994,-98.215,6102.0,2013-07-05
Taxidea taxus,Mustelidae,31.3972,-109.9585,29252.0,2016-06-18
Taxidea taxus,Mustelidae,40.6902,-106.3555,,2018-04-21
Taxidea taxus,Mustelidae,42.5935,-119.6452,6787.0,2017-07-13
Taxidea taxus,Mustelidae,38.8825,-109.774,259.0,2017-06-21
Taxidea taxus,Mustelidae,38.4138,-122.957,26.0,2013-08-24
Taxidea taxus,Mustelidae,33.0425,-116.1039,29012.0,2012-01-03
Taxidea taxus,Mustelidae,34.1392,-100.4249,2601.0,2015-06-28
Taxidea taxus,Mustelidae,35.5627,-113.8835,,2017-08-05
Taxidea taxus,Mustelidae,41.0447,-112.2429,1293.0,2013-09-25
Taxidea taxus,Mustelidae,49.0403,-119.2543,26582.0,2017-06-08
Taxidea taxus,Mustelidae,30.912,-110.5716,29304.0,2018-07-28
Taxidea taxus,Mustelidae,43.9063,-92.4808,6.0,2018-08-12
Taxidea taxus,Mustelidae,46.6634,-119.3781,2919.0,2013-05-03
Taxidea taxus,Mustelidae,30.8945,-104.7945,10.0,2013-08-23
Taxidea taxus,Mustelidae,33.9429,-97.3679,,2018-04-23
Taxidea taxus,Mustelidae,38.3373,-123.0555,1268.0,2018-04-30
Taxidea taxus,Mustelidae,28.5463,-99.8879,,2014-07-09
Taxidea taxus,Mustelidae,33.6135,-97.9667,27.0,2014-08-17
Taxidea taxus,Mustelidae,50.6486,-101.6363,26325.0,2008-08-01
Taxidea taxus,Mustelidae,31.9326,-101.8599,5.0,2014-08-03
Taxidea taxus,Mustelidae,44.428,-110.5885,184.0,2015-10-17
Taxidea taxus,Mustelidae,41.8685,-121.9103,8.0,2017-10-29
Taxidea taxus,Mustelidae,43.9388,-110.6422,150.0,2014-08-30
Taxidea taxus,Mustelidae,44.9093,-110.3855,2752.0,2010-06-26
Taxidea taxus,Mustelidae,35.0426,-115.3963,4931.0,2018-07-09
Taxidea taxus,Mustelidae,45.518,-117.3003,122.0,2018-01-20
Taxidea taxus,Mustelidae,36.1375,-120.2028,,2016-03-07
Taxidea taxus,Mustelidae,40.6612,-106.3268,475.0,2007-05-26
Taxidea taxus,Mustelidae,33.0986,-100.571,31.0,2017-06-04
Taxidea taxus,Mustelidae,33.1751,-116.1002,30.0,2008-07-16
Taxidea taxus,Mustelidae,38.8949,-100.9817,,2009-06-18
Taxidea taxus,Mustelidae,32.6833,-115.9104,1789.0,2013-10-06
Taxidea taxus,Mustelidae,23.6024,-106.5772,30154.0,2014-10-16
Taxidea taxus,Mustelidae,33.1756,-116.0999,30.0,2009-06-19
Taxidea taxus,Mustelidae,33.1756,-116.0999,30.0,2009-06-28
Taxidea taxus,Mustelidae,47.5439,-117.5791,,2016-08-29
Taxidea taxus,Mustelidae,47.9983,-108.2494,,2010-06-01
Taxidea taxus,Mustelidae,38.1444,-122.584,120.0,2017-01-16
Taxidea taxus,Mustelidae,43.2297,-118.8768,61.0,2017-06-20
Taxidea taxus,Mustelidae,42.178,-119.8066,977.0,2015-06-18
Taxidea taxus,Mustelidae,44.428,-110.5885,,2016-06-06
Taxidea taxus,Mustelidae,27.0088,-97.597,977.0,2007-03-05
Taxidea taxus,Mustelidae,43.6267,-103.4251,,2010-07-12
Taxidea taxus,Mustelidae,32.7046,-116.5203,5.0,2017-05-06
Taxidea taxus,Mustelidae,49.2413,-110.8301,977.0,2009-06-11
Taxidea taxus,Mustelidae,33.6062,-114.9547,,2016-10-21
Taxidea taxus,Mustelidae,38.039,-122.8018,6.0,2018-05-05
Taxidea taxus,Mustelidae,36.5358,-121.914,39.0,2013-06-06
Taxidea taxus,Mustelidae,36.399,-121.3252,5.0,2018-04-21
Taxidea taxus,Mustelidae,37.84,-122.516,,2014-03-29
Taxidea taxus,Mustelidae,29.63,-96.9523,100.0,2017-01-05
Taxidea taxus,Mustelidae,41.3384,-83.6599,61.0,2016-07-10
Taxidea taxus,Mustelidae,25.1444,-100.8492,30003.0,2018-01-26
Taxidea taxus,Mustelidae,29.1393,-103.528,,2013-11-09
Taxidea taxus,Mustelidae,33.2672,-116.2353,5.0,2018-04-28
Taxidea taxus,Mustelidae,33.1244,-116.0725,29012.0,2007-06-28
Taxidea taxus,Mustelidae,37.3604,-89.0186,15.0,2017-07-20
Taxidea taxus,Mustelidae,33.862,-99.1385,28902.0,2014-09-25
Taxidea taxus,Mustelidae,33.0045,-116.0368,29012.0,2008-07-07
Taxidea taxus,Mustelidae,33.1255,-116.1645,29012.0,2008-07-16
Taxidea taxus,Mustelidae,38.7695,-109.5885,250.0,2012-09-13
Taxidea taxus,Mustelidae,42.4675,-83.9665,6856.0,1993-11-04
Taxidea taxus,Mustelidae,44.2405,-84.3367,1164.0,1997-10-20
Taxidea taxus,Mustelidae,42.3044,-83.6046,6856.0,1909-06-12
Taxidea taxus,Mustelidae,45.8222,-87.3875,187.0,1922-10-13
Taxidea taxus,Mustelidae,42.2862,-83.7266,11819.0,1976-04-30
Taxidea taxus,Mustelidae,30.421,-103.91,,1937-04-14
Taxidea taxus,Mustelidae,42.3821,-84.0735,6856.0,1919-12-01
Taxidea taxus,Mustelidae,35.792,-101.962,,1933-08-11
Taxidea taxus,Mustelidae,43.0836,-84.9258,1164.0,1997-11-10
Taxidea taxus,Mustelidae,43.7351,-85.3324,1164.0,1997-10-19
Taxidea taxus,Mustelidae,41.9043,-85.9235,1165.0,1996-11-22
Taxidea taxus,Mustelidae,44.9379,-84.9978,1202.0,1993-11-10
Taxidea taxus,Mustelidae,42.4463,-83.9995,626.0,1991-09-01
Taxidea taxus,Mustelidae,43.9608,-83.9365,1164.0,1997-01-21
Taxidea taxus,Mustelidae,41.9634,-84.9317,1165.0,1996-11-17
Taxidea taxus,Mustelidae,43.8471,-84.0748,1164.0,1993-11-27
Taxidea taxus,Mustelidae,42.5006,-85.1417,1165.0,1997-11-23
Taxidea taxus,Mustelidae,43.3389,-113.5299,9831.0,1937-07-19
Taxidea taxus,Mustelidae,42.2691,-83.8037,13942.0,1924-11-09
Taxidea taxus,Mustelidae,45.5633,-84.6635,1313.0,1995-03-16
Taxidea taxus,Mustelidae,35.2749,-117.934,8127.0,1972-08-21
Taxidea taxus,Mustelidae,34.1189,-114.51,163.0,1935-08-14
Taxidea taxus,Mustelidae,44.6887,-111.8335,2990.0,1976-11-08
Taxidea taxus,Mustelidae,35.9315,-119.9842,19003.0,1939-09-06
Taxidea taxus,Mustelidae,35.2749,-117.934,8127.0,1970-12-17
Taxidea taxus,Mustelidae,35.2867,-100.1779,3036.0,1969-12-13
Taxidea taxus,Mustelidae,33.34,-101.385,,1963-04-15
Taxidea taxus,Mustelidae,33.34,-101.385,,1963-04-15
Taxidea taxus,Mustelidae,34.723,-102.904,,1985-12-20
Taxidea taxus,Mustelidae,33.811,-102.18,,1985-09-30
Taxidea taxus,Mustelidae,34.179,-100.306,,1968-07-27
Taxidea taxus,Mustelidae,30.5428,-98.7037,1807.0,1997-01-04
Taxidea taxus,Mustelidae,32.89,-100.233,,1966-03-26
Taxidea taxus,Mustelidae,43.03,-81.35,,1990-04-08
Taxidea taxus,Mustelidae,51.09,-114.54,,2008-08-08
Taxidea taxus,Mustelidae,42.6884,-81.7127,3.62,1948-08-01
Taxidea taxus,Mustelidae,49.7167,-99.6,,1923-12-09
Taxidea taxus,Mustelidae,35.4,-120.8333,,1957-02-06
